agent_id,county,latitude,longitude,monthly_txn_volume_kes,current_float_kes,monthly_commission_kes,status,last_restock_days
AG_200000,Kisumu,0.0824063449675913,35.26515081316165,51402.36,7634.85,514.02,Active,7
AG_200001,Nairobi,-1.2221735150549535,36.88092500841465,232650.83,55092.28,2326.51,Active,2
AG_200002,Kiambu,-0.4337266989821937,36.06433160652452,122617.95,23760.02,1226.18,Active,2
AG_200003,Machakos,1.6153546197537898,38.11227376691804,45066.04,9850.44,450.66,Active,3
AG_200004,Kiambu,-0.1590840989951034,36.15290615649854,5649.8,1087.06,56.5,Active,0
AG_200005,Nairobi,-1.3080327168712889,36.80043129246172,135858.49,15359.62,1358.58,Active,4
AG_200006,Nairobi,-1.2087502383629378,36.78215787846142,86299.2,22556.58,862.99,Active,0
AG_200007,Nairobi,-1.389043530089638,36.75227996883719,9986.19,1745.27,99.86,Active,3
AG_200008,Machakos,0.6815601971670466,37.1201605573005,7348.21,2006.23,73.48,Active,4
AG_200009,Nairobi,-1.24328334155037,36.919907242388255,41890.35,7277.21,418.9,Active,0
AG_200010,Kisumu,-0.672650560344678,35.0573278981804,286065.53,75601.96,2860.66,Inactive,8
AG_200011,Nairobi,-1.263166683329224,36.866576695832585,413757.58,74188.78,4137.58,Active,0
AG_200012,Nairobi,-1.3514374476753273,36.89119082045021,3182.75,592.94,31.83,Active,1
AG_200013,Mombasa,-4.018280894927882,39.61134021759378,67153.87,16377.89,671.54,Active,4
AG_200014,Uasin Gishu,-0.3700793184829674,36.92944358875774,426238.87,92286.28,4262.39,Active,6
AG_200015,Nairobi,-1.2815970296506165,36.8747607681647,2738.24,274.61,27.38,Active,3
AG_200016,Nairobi,-1.157780621719059,36.90916837359008,8289.49,1690.68,82.89,Active,6
AG_200017,Kiambu,-1.2902813882873871,37.74209096552554,34793.79,3667.71,347.94,Active,2
AG_200018,Kiambu,-2.816309731947159,39.4490223743048,243352.79,68654.59,2433.53,Active,8
AG_200019,Nakuru,-2.0083769732348795,36.020746206286994,255.72,72.49,2.56,Active,8
AG_200020,Uasin Gishu,0.3492065503505188,38.933941479517,26184.54,6496.31,261.85,Active,4
AG_200021,Nyeri,1.7164991767285074,37.06653378136468,118040.24,30968.19,1180.4,Active,3
AG_200022,Mombasa,-4.0763117007833225,39.69667919710759,133220.15,15863.58,1332.2,Active,8
AG_200023,Nyeri,1.081790114290191,35.615324877367414,80515.02,11335.17,805.15,Active,8
AG_200024,Machakos,-2.652503243248601,34.71296573928694,119705.34,23214.09,1197.05,Active,7
AG_200025,Nairobi,-1.3122233121236586,36.8273644264707,3212.92,441.46,32.13,Inactive,2
AG_200026,Nairobi,-1.2327668695476175,36.814454508761,117401.84,15527.99,1174.02,Active,1
AG_200027,Nairobi,-1.3387278414638863,36.783523214599,34442.76,3738.0,344.43,Active,6
AG_200028,Uasin Gishu,1.0360021049543484,38.139946741609,61720.48,13433.61,617.2,Active,0
AG_200029,Kisumu,-0.5441636443188262,34.87502334559463,41951.35,6004.89,419.51,Active,6
AG_200030,Mombasa,-4.033017088871636,39.6425709930914,9173.62,1660.57,91.74,Active,4
AG_200031,Kiambu,-1.185695540747184,38.70449020132469,136261.53,37575.16,1362.62,Inactive,9
AG_200032,Mombasa,-4.046245004278163,39.68952121496462,182233.98,31144.51,1822.34,Active,5
AG_200033,Kiambu,-4.272222011057645,35.82428310773987,99849.45,15296.26,998.49,Active,3
AG_200034,Kajiado,0.6492157916317691,35.38138433002682,159113.7,22826.66,1591.14,Active,1
AG_200035,Kisumu,-3.183119269409853,34.81574419043954,234045.32,48645.9,2340.45,Inactive,3
AG_200036,Uasin Gishu,-1.9835082020001091,39.06597404100149,42622.98,5542.99,426.23,Active,5
AG_200037,Kiambu,-3.014976101415453,35.09019638559796,6185.41,1780.16,61.85,Active,1
AG_200038,Nakuru,0.196734193688145,36.46499446044027,98623.74,24661.48,986.24,Inactive,6
AG_200039,Nyeri,-2.2751103121821314,36.0629457275541,6514.47,1249.66,65.14,Active,5
AG_200040,Kilifi,1.282616111215961,39.34439372591341,52039.55,5840.74,520.4,Active,6
AG_200041,Nairobi,-1.265856470369962,36.84161727114463,91006.82,15998.0,910.07,Active,5
AG_200042,Machakos,1.3487701235533411,38.3626876556389,2330.64,492.31,23.31,Inactive,3
AG_200043,Mombasa,-4.045391346659054,39.66608235623616,10557.26,1549.5,105.57,Inactive,8
AG_200044,Nyeri,-0.3393461450629729,35.5506627498834,96225.55,25882.25,962.26,Active,2
AG_200045,Uasin Gishu,-2.7203962207186168,37.642097471004064,23669.26,5877.05,236.69,Active,9
AG_200046,Nairobi,-1.3361433073154958,36.792982984069376,26937.63,6377.42,269.38,Active,5
AG_200047,Kajiado,-4.270992381603124,35.2610645930879,107002.44,13491.84,1070.02,Active,8
AG_200048,Mombasa,-4.026811108620682,39.62074145464332,97739.85,22252.83,977.4,Active,4
AG_200049,Nairobi,-1.2517734902006707,36.80932309607272,51487.09,8920.62,514.87,Active,0
AG_200050,Uasin Gishu,-3.737872725129539,36.81486405703857,176551.84,38937.52,1765.52,Inactive,8
AG_200051,Nairobi,-1.2718381232695046,36.82587825970805,22532.87,3358.15,225.33,Active,5
AG_200052,Nairobi,-1.326724934217162,36.870600541572415,189189.98,55948.09,1891.9,Active,9
AG_200053,Mombasa,-4.018412595143308,39.64702004130597,31288.43,3346.0,312.88,Active,1
AG_200054,Nyeri,-2.4170211417203684,39.42657390631928,68609.81,8377.11,686.1,Active,9
AG_200055,Machakos,1.7057625997138424,37.19570714038353,17453.25,3817.38,174.53,Active,7
AG_200056,Mombasa,-4.054585242876558,39.68331316248835,160473.11,45651.19,1604.73,Active,8
AG_200057,Nyeri,-3.844406250274084,37.89216428957675,57579.1,16039.0,575.79,Active,6
AG_200058,Kiambu,1.385733612367843,39.02802763306204,12871.21,1556.51,128.71,Active,3
AG_200059,Kiambu,0.2717856324625203,36.81427213193465,64444.58,16255.38,644.45,Active,7
AG_200060,Nairobi,-1.2600079467039742,36.84137771184494,282134.89,76524.13,2821.35,Inactive,1
AG_200061,Kiambu,-0.2809980147755551,34.11388800123911,24840.75,2559.05,248.41,Active,1
AG_200062,Mombasa,-4.018692209762888,39.72361007137862,139144.99,38766.21,1391.45,Active,8
AG_200063,Kiambu,-4.01053005950579,35.00078474391918,6855.18,2025.23,68.55,Active,6
AG_200064,Nairobi,-1.276161072394739,36.86217978391953,119102.84,31676.67,1191.03,Active,7
AG_200065,Nairobi,-1.352359785727884,36.915165351495965,61840.92,12531.28,618.41,Active,4
AG_200066,Uasin Gishu,-2.3360352728520244,35.062033406757934,14012.29,2586.94,140.12,Active,2
AG_200067,Nairobi,-1.3143995348106754,36.84667582220919,64379.39,7263.66,643.79,Active,1
AG_200068,Kiambu,-2.1715892308788654,36.12760809344977,140825.13,14952.24,1408.25,Active,9
AG_200069,Nairobi,-1.3452114271765396,36.81453732334862,142985.63,28320.33,1429.86,Active,9
AG_200070,Nairobi,-1.3001475316199966,36.81359525865484,350.06,79.56,3.5,Active,9
AG_200071,Uasin Gishu,-4.115390847628581,38.93254537961776,186403.81,26318.61,1864.04,Active,3
AG_200072,Mombasa,-4.009078770200119,39.653052806622895,216126.01,24685.08,2161.26,Inactive,4
AG_200073,Machakos,-2.74970078748728,36.66798720152244,406342.24,47855.36,4063.42,Active,6
AG_200074,Kiambu,-2.757374488312735,36.38256292730922,316689.63,44476.98,3166.9,Inactive,8
AG_200075,Mombasa,-4.034149040173394,39.6669864315648,1492.32,360.14,14.92,Inactive,4
AG_200076,Nairobi,-1.2944456528018304,36.822970281008246,111132.72,14165.28,1111.33,Active,9
AG_200077,Nairobi,-1.3308321404623735,36.81789252614483,26501.76,7451.84,265.02,Active,4
AG_200078,Kisumu,1.4074011469336256,37.379132338176646,292382.95,84358.6,2923.83,Active,6
AG_200079,Nairobi,-1.302722578085694,36.87574668580091,263867.11,52802.98,2638.67,Active,3
AG_200080,Machakos,0.3241982244241781,34.77906509381903,81168.56,13794.83,811.69,Active,0
AG_200081,Nairobi,-1.2964407175682993,36.73955180803286,84128.3,10632.66,841.28,Active,6
AG_200082,Nyeri,0.758846836180423,35.1978686532633,86295.22,14634.33,862.95,Active,9
AG_200083,Machakos,-3.941551681102162,39.13790988363817,23726.6,2825.54,237.27,Active,4
AG_200084,Machakos,0.8226099922047567,36.7246072019523,20481.0,5358.48,204.81,Active,6
AG_200085,Nairobi,-1.284348418007339,36.82913728267779,34209.36,6804.3,342.09,Active,5
AG_200086,Nairobi,-1.307149625679039,36.82874869420845,93072.55,13638.06,930.73,Inactive,7
AG_200087,Nairobi,-1.263836326749387,36.77821631195363,128183.64,23236.5,1281.84,Active,6
AG_200088,Mombasa,-4.045053946164193,39.65507808867471,99300.29,26818.9,993.0,Active,4
AG_200089,Nairobi,-1.333095557451519,36.88193847534711,348456.76,35196.11,3484.57,Inactive,0
AG_200090,Nakuru,-1.432486509071507,38.2111705815081,631183.39,126788.37,6311.83,Active,5
AG_200091,Mombasa,-4.018794423878878,39.74394809151543,95072.45,24532.88,950.72,Active,6
AG_200092,Kiambu,-3.345412353052647,35.70996897097744,205039.74,36580.58,2050.4,Active,7
AG_200093,Nyeri,1.2933985123828091,34.55027535764474,126061.36,36173.31,1260.61,Active,5
AG_200094,Mombasa,-3.99029337570834,39.695954404556296,18141.86,3849.38,181.42,Active,1
AG_200095,Kiambu,-3.551413170853717,37.69069432494783,248237.47,30032.25,2482.37,Active,6
AG_200096,Nairobi,-1.2792549685980088,36.71191413795913,45183.21,11749.96,451.83,Active,3
AG_200097,Kajiado,-1.523035078266198,39.59499172163481,32979.43,8047.6,329.79,Active,8
AG_200098,Machakos,-1.2576060917062433,38.811437802965855,81965.14,17639.89,819.65,Inactive,9
AG_200099,Kilifi,-0.6480651460217117,37.20525549866881,94836.37,12575.03,948.36,Active,7
AG_200100,Nakuru,-2.8084701133202965,35.67315601803502,39495.16,6673.65,394.95,Active,9
AG_200101,Nyeri,-1.8885967767831493,34.13631002763943,61380.43,8727.07,613.8,Active,8
AG_200102,Nairobi,-1.2745848456813869,36.86000553570345,58778.41,17127.91,587.78,Active,3
AG_200103,Kiambu,-1.9638965836780773,37.69536955662814,21630.76,4747.48,216.31,Active,8
AG_200104,Kisumu,0.296830335653975,39.52764259563973,82210.46,23401.21,822.1,Active,9
AG_200105,Nairobi,-1.3296642199567863,36.85458300433423,11459.31,2232.54,114.59,Active,0
AG_200106,Nairobi,-1.2835554633293538,36.82439838036818,16339.52,1767.86,163.4,Active,8
AG_200107,Nakuru,-2.208057290898025,34.91673917831055,261904.23,48443.03,2619.04,Active,9
AG_200108,Nairobi,-1.336256013113458,36.79661298044636,30962.7,5778.98,309.63,Inactive,2
AG_200109,Nairobi,-1.381621115099057,36.86328112092376,85078.2,12473.44,850.78,Active,0
AG_200110,Mombasa,-4.021267449756061,39.63086927141543,85278.09,9625.78,852.78,Active,4
AG_200111,Uasin Gishu,-3.4562565521650424,34.49646766915518,215435.56,37033.85,2154.36,Active,9
AG_200112,Nairobi,-1.278660225179416,36.80821339336569,90109.18,23726.43,901.09,Active,8
AG_200113,Nairobi,-1.2628942725448802,36.79164370407386,6432.54,1569.52,64.33,Active,0
AG_200114,Nairobi,-1.3420393937648711,36.870872363488864,92595.55,19970.79,925.96,Inactive,1
AG_200115,Nairobi,-1.2570804715876855,36.85812012172323,79311.29,19468.32,793.11,Active,3
AG_200116,Nairobi,-1.292978757100996,36.79654853533062,246725.75,54534.04,2467.26,Active,2
AG_200117,Nakuru,-0.5864791087811179,36.05232820211747,1419.89,355.98,14.2,Inactive,0
AG_200118,Nyeri,-3.7833134589879887,38.77592755950466,247063.53,38435.83,2470.64,Active,7
AG_200119,Uasin Gishu,0.0574305307035623,35.03809503896389,370300.38,51810.61,3703.0,Active,3
AG_200120,Machakos,0.710972506479892,39.72044982771363,42994.3,5925.14,429.94,Active,9
AG_200121,Nairobi,-1.3167205771475408,36.77458484376472,30886.19,7076.86,308.86,Active,8
AG_200122,Kisumu,-3.244646015165997,33.940686267948266,90325.57,18068.15,903.26,Active,6
AG_200123,Machakos,-2.035587171073717,35.20371702440482,25293.77,5026.74,252.94,Active,5
AG_200124,Nyeri,0.9385765380536342,38.14194936972306,24141.06,4802.37,241.41,Active,0
AG_200125,Nairobi,-1.3834911651582056,36.81798617079481,2302.46,290.68,23.02,Active,0
AG_200126,Nairobi,-1.286201626032663,36.827898848685976,34976.26,8853.79,349.76,Active,4
AG_200127,Nairobi,-1.2873888306033343,36.82656158545721,94174.77,14952.08,941.75,Active,8
AG_200128,Kilifi,-2.37795256380479,38.69311583158756,115848.86,14956.54,1158.49,Active,5
AG_200129,Nakuru,-0.8964204925179315,37.00687578309108,93385.54,18455.45,933.86,Active,4
AG_200130,Uasin Gishu,-0.4184482682565791,39.04340463139109,27376.48,6538.14,273.76,Active,7
AG_200131,Nairobi,-1.2535061943892325,36.78988395359605,65763.24,11481.37,657.63,Active,9
AG_200132,Kisumu,0.7238335744873663,37.06095950025342,76177.58,20156.32,761.78,Active,3
AG_200133,Kiambu,-3.442342055358015,35.34603412144782,85335.4,9295.9,853.35,Active,0
AG_200134,Nakuru,-1.9051117077495088,37.6891583267107,53775.04,15745.45,537.75,Active,3
AG_200135,Kiambu,1.1769468318212006,39.10801836063257,128904.84,24293.92,1289.05,Active,7
AG_200136,Kiambu,-0.4950171115499688,35.248347018794696,47362.71,8625.52,473.63,Active,0
AG_200137,Nairobi,-1.297342791242693,36.86908578936249,123404.12,12407.07,1234.04,Active,9
AG_200138,Nairobi,-1.2035571246723866,36.79558218366375,25765.8,5095.0,257.66,Active,9
AG_200139,Nairobi,-1.2562390411922368,36.80506101251687,87209.03,15224.69,872.09,Active,0
AG_200140,Kiambu,-0.5458856700042041,38.14139600385633,207042.0,28168.08,2070.42,Active,7
AG_200141,Nakuru,-0.311870537106558,36.049594740282615,171315.62,34601.74,1713.16,Active,0
AG_200142,Kisumu,-3.738020537145823,36.89690858892298,113088.19,28630.64,1130.88,Active,4
AG_200143,Nyeri,0.8434484170942638,34.08794073744923,24808.35,2746.56,248.08,Active,5
AG_200144,Kiambu,-1.486057447045534,37.51269736166799,42572.04,4528.8,425.72,Active,0
AG_200145,Nyeri,-3.373330640368936,39.64698581798295,58052.05,13761.41,580.52,Active,2
AG_200146,Kajiado,-3.440789871582399,36.048699967942206,236605.48,69843.61,2366.05,Active,1
AG_200147,Mombasa,-4.060911803054787,39.60942274601296,166488.08,21452.81,1664.88,Active,6
AG_200148,Machakos,-1.4309840634270603,35.52163581697271,154873.24,18370.02,1548.73,Active,6
AG_200149,Mombasa,-4.008470803716575,39.623620960211554,154632.48,28395.41,1546.32,Active,8
AG_200150,Mombasa,-4.005376752175095,39.66023017753511,12132.39,3094.06,121.32,Active,8
AG_200151,Nakuru,-3.9416131402286174,37.24485727201409,154787.2,15525.29,1547.87,Active,2
AG_200152,Nakuru,1.509079586623871,36.77049909083172,171592.25,25006.83,1715.92,Inactive,9
AG_200153,Nairobi,-1.2945407428150564,36.81345879673094,28632.68,4359.3,286.33,Active,0
AG_200154,Nairobi,-1.2152634145681969,36.91861366143314,13199.13,1700.69,131.99,Active,2
AG_200155,Mombasa,-4.007777422524589,39.64954758209201,166652.8,31411.91,1666.53,Active,9
AG_200156,Nairobi,-1.250166269765402,36.79487886998654,33408.59,7364.48,334.09,Active,9
AG_200157,Machakos,-2.8686643437986445,34.28816970625011,62206.74,12895.2,622.07,Active,2
AG_200158,Nairobi,-1.2720226990350991,36.78799348204361,31774.31,3718.6,317.74,Active,5
AG_200159,Nairobi,-1.245377822807304,36.82214184619709,77471.19,22825.24,774.71,Active,0
AG_200160,Kiambu,-1.929210580087128,38.1348985945696,112352.49,14487.09,1123.52,Active,3
AG_200161,Nairobi,-1.3040714136931209,36.79107630471622,207881.87,51637.25,2078.82,Active,1
AG_200162,Nairobi,-1.2389335401646169,36.853282892201776,9130.05,2163.91,91.3,Active,6
AG_200163,Kiambu,-2.23055831105396,34.34917307306274,121980.55,23822.18,1219.81,Active,5
AG_200164,Mombasa,-4.05046742248302,39.72775022093627,16430.69,3781.62,164.31,Active,8
AG_200165,Nairobi,-1.274968420339136,36.84585600412908,11986.3,3456.83,119.86,Active,3
AG_200166,Nyeri,0.1674410892314004,36.80719851322866,87201.48,17634.64,872.01,Active,1
AG_200167,Kisumu,-0.1037675897759491,38.06937236558566,62868.93,16624.97,628.69,Active,4
AG_200168,Nakuru,-3.381582735161669,36.73586413645567,58016.64,6547.28,580.17,Active,7
AG_200169,Mombasa,-4.029925100260233,39.67170534055571,56262.1,16238.98,562.62,Active,8
AG_200170,Nakuru,-3.7617240795361617,37.49540580034141,113463.67,24382.85,1134.64,Active,7
AG_200171,Kajiado,-3.7445352422138223,38.47308624626748,47079.54,6609.84,470.8,Active,3
AG_200172,Nairobi,-1.3132538589882792,36.76722241224568,189022.69,54326.39,1890.23,Active,6
AG_200173,Mombasa,-4.06017111036776,39.68644916725561,87226.46,10777.57,872.26,Active,9
AG_200174,Mombasa,-4.065432531545695,39.64660881383742,238369.27,54121.56,2383.69,Inactive,4
AG_200175,Uasin Gishu,1.255432370456438,36.45870211249895,34625.66,9579.04,346.26,Active,0
AG_200176,Nairobi,-1.3173206052864226,36.78780750532293,681987.98,162258.18,6819.88,Active,2
AG_200177,Nairobi,-1.293670303529291,36.648093206089314,138748.98,30243.5,1387.49,Active,0
AG_200178,Nairobi,-1.243147074483487,36.77477113205682,21267.1,3629.3,212.67,Active,2
AG_200179,Nairobi,-1.2422775646748996,36.84937348665519,90047.74,24394.02,900.48,Active,5
AG_200180,Kiambu,1.4624903226412225,39.113490696123975,17115.25,3055.07,171.15,Active,9
AG_200181,Nyeri,-3.4276223031964195,36.06817509737915,38169.55,4365.82,381.7,Active,1
AG_200182,Kisumu,-2.5397778246964404,36.75400546741846,35649.33,4516.76,356.49,Active,9
AG_200183,Kisumu,1.042269097256978,33.98926705852517,13207.35,2412.11,132.07,Active,9
AG_200184,Nakuru,-0.8861505914996843,35.00814702817172,6066.88,1618.77,60.67,Active,4
AG_200185,Kiambu,-1.0265039910857965,35.023265327358914,18335.62,4774.03,183.36,Active,9
AG_200186,Mombasa,-4.035078662078338,39.65345635631482,39583.64,11397.73,395.84,Active,6
AG_200187,Nakuru,0.4168872655194857,34.59633495198615,40678.46,7318.92,406.78,Active,9
AG_200188,Kiambu,1.1963737855630427,37.360590640898806,185225.57,45707.62,1852.26,Active,3
AG_200189,Machakos,-0.2396367755560537,33.97829633763657,75167.67,13969.32,751.68,Active,1
AG_200190,Kisumu,1.5946305830333891,33.85206079697642,302074.31,74250.09,3020.74,Active,4
AG_200191,Kisumu,-0.7337478424331747,34.08404068072579,138923.95,26160.36,1389.24,Active,7
AG_200192,Machakos,-2.377979147339375,35.13727705792835,7719.31,1255.76,77.19,Active,0
AG_200193,Uasin Gishu,-1.3741056234466418,38.81611673562166,27774.52,5562.56,277.75,Active,9
AG_200194,Nairobi,-1.2518698441410814,36.76645212420522,2305.99,265.75,23.06,Active,3
AG_200195,Nyeri,-2.1213977796829004,38.76710420809356,120626.48,29142.26,1206.26,Active,1
AG_200196,Kiambu,0.2806688725465236,35.97338266375355,71870.83,17629.82,718.71,Active,8
AG_200197,Nairobi,-1.3050616725912385,36.816202016299705,7279.3,2018.32,72.79,Active,6
AG_200198,Kajiado,-1.5703598438982114,35.25559770036436,18173.88,2993.93,181.74,Inactive,5
AG_200199,Nairobi,-1.1995649096257426,36.88361008154257,94664.54,12509.09,946.65,Active,3
AG_200200,Machakos,-2.8982232979964837,37.2531242973508,94490.71,9804.47,944.91,Active,5
AG_200201,Kajiado,0.9288085694671484,38.63620260230408,40872.03,11010.42,408.72,Inactive,2
AG_200202,Nairobi,-1.2160527367893843,36.82167282440741,175357.44,39767.48,1753.57,Active,8
AG_200203,Nairobi,-1.2988993540802416,36.87226384295992,8175.28,2281.98,81.75,Inactive,8
AG_200204,Mombasa,-4.043571041205947,39.69172376401734,241626.94,65652.15,2416.27,Active,0
AG_200205,Mombasa,-4.034932640011414,39.63910307555891,7467.56,1797.44,74.68,Active,7
AG_200206,Nairobi,-1.2257162527481718,36.80430895266287,230291.44,68828.62,2302.91,Inactive,1
AG_200207,Kajiado,1.4931274979021698,39.4491763541752,98980.07,18607.89,989.8,Active,2
AG_200208,Nairobi,-1.2811005144057328,36.812529867539,186213.53,54777.79,1862.14,Active,8
AG_200209,Nairobi,-1.352740113060741,36.81436541094526,26364.71,7382.43,263.65,Active,2
AG_200210,Nairobi,-1.2631826490624916,36.83589066637949,86979.01,21867.28,869.79,Active,8
AG_200211,Nairobi,-1.3163002759230005,36.81443392062853,55219.87,12633.43,552.2,Active,9
AG_200212,Nakuru,0.418048542052815,38.6997148839282,93384.09,10039.31,933.84,Inactive,2
AG_200213,Nairobi,-1.2375190919219548,36.85268601703186,94221.91,22484.55,942.22,Active,4
AG_200214,Machakos,1.326645760645474,39.36709971729555,286780.43,45976.52,2867.8,Active,7
AG_200215,Nyeri,1.4406485975531302,38.186961153007616,199868.85,27852.2,1998.69,Active,3
AG_200216,Nakuru,0.657659210832404,34.40291951801004,247350.74,55870.83,2473.51,Active,1
AG_200217,Kiambu,0.4847249292757063,39.42727813063496,90187.09,12950.35,901.87,Active,3
AG_200218,Nyeri,-3.8732458634494513,34.30580461018771,23999.31,4853.9,239.99,Active,6
AG_200219,Nairobi,-1.2601508229429583,36.82036132730248,58711.77,17611.52,587.12,Active,6
AG_200220,Nairobi,-1.242785977558816,36.7705649757475,48683.22,14132.95,486.83,Active,2
AG_200221,Nyeri,-2.8896678656172625,36.111005649784765,79696.09,17359.81,796.96,Active,5
AG_200222,Nairobi,-1.2864425220921902,36.74570663564664,117290.04,28266.09,1172.9,Inactive,9
AG_200223,Kisumu,1.674602747399412,37.51914477183752,38229.82,10897.5,382.3,Active,8
AG_200224,Nairobi,-1.3116391341128109,36.85545858598757,143258.86,22227.53,1432.59,Active,0
AG_200225,Kisumu,-1.894798616005425,38.091798901266046,210083.01,43101.05,2100.83,Active,1
AG_200226,Nakuru,-1.394046958582252,34.23292613327102,66802.53,18594.52,668.03,Inactive,6
AG_200227,Nairobi,-1.2391185127768418,36.816000654849226,13621.6,2617.05,136.22,Active,7
AG_200228,Nairobi,-1.2736583033513629,36.82650257025876,57118.24,6689.58,571.18,Active,6
AG_200229,Kisumu,-3.0530347605587007,37.581827900346894,63670.45,6671.14,636.7,Active,2
AG_200230,Nairobi,-1.2884290729852854,36.73229185616425,138120.53,37678.31,1381.21,Inactive,6
AG_200231,Nairobi,-1.284153447182242,36.81669984118238,147510.8,38937.11,1475.11,Active,0
AG_200232,Machakos,-3.0535897954699065,35.2870574480331,67369.61,11974.67,673.7,Active,2
AG_200233,Nairobi,-1.2956368185528255,36.80138579105902,102385.43,13555.06,1023.85,Inactive,9
AG_200234,Nairobi,-1.2991253154379014,36.81412144205023,853.55,207.15,8.54,Inactive,2
AG_200235,Kajiado,-1.1546348399611153,36.92360851656122,118460.15,22055.45,1184.6,Active,2
AG_200236,Kilifi,0.1093903957117927,35.86901388642273,202799.68,33266.3,2028.0,Active,9
AG_200237,Kiambu,-0.5608618517240875,38.419285928294144,10037.44,2192.25,100.37,Active,1
AG_200238,Kisumu,-1.1851140615382654,37.74930613456679,78085.81,17905.85,780.86,Active,1
AG_200239,Mombasa,-4.038140562306903,39.68144124484304,219099.56,58378.59,2191.0,Active,2
AG_200240,Nairobi,-1.3255431470076184,36.89744111486848,31044.44,7852.19,310.44,Active,4
AG_200241,Nairobi,-1.3465191123795506,36.73311908490982,259176.14,48930.48,2591.76,Active,7
AG_200242,Kajiado,-3.289788728563693,34.66219360761488,238861.3,61680.58,2388.61,Active,4
AG_200243,Nyeri,-3.2173779821914894,34.41309841991737,40006.6,7852.32,400.07,Active,4
AG_200244,Nairobi,-1.2368878367097906,36.8311454798153,9447.1,1545.93,94.47,Active,7
AG_200245,Kisumu,-1.6742329017493136,35.35055351328266,183330.25,39595.02,1833.3,Active,9
AG_200246,Kiambu,-2.169880930221184,36.27089664893095,12073.81,1406.36,120.74,Active,9
AG_200247,Nairobi,-1.296296008990787,36.7940080208219,4580.08,600.87,45.8,Active,9
AG_200248,Machakos,1.2485900294750067,35.63935829832544,180807.3,28521.0,1808.07,Active,8
AG_200249,Kisumu,-4.121913791681002,38.96257402610703,42990.02,6346.39,429.9,Active,9
AG_200250,Nairobi,-1.2435955529112268,36.846623638853536,36313.09,8206.1,363.13,Active,8
AG_200251,Nairobi,-1.2314011918634025,36.81174738712594,17275.78,1876.94,172.76,Active,8
AG_200252,Nyeri,-3.175943167343229,38.976854477364746,54421.79,13197.61,544.22,Active,2
AG_200253,Machakos,-0.7014794020838575,37.5260076715548,80803.31,19706.48,808.03,Active,4
AG_200254,Nairobi,-1.239281294937666,36.75967297017685,141660.1,21458.86,1416.6,Active,9
AG_200255,Nairobi,-1.2838238784258011,36.79469367377158,7748.15,2218.81,77.48,Active,3
AG_200256,Nyeri,0.7744210770610798,37.32933149109994,157264.31,21844.6,1572.64,Active,5
AG_200257,Nairobi,-1.2362813338977765,36.81633130290993,59852.59,11246.91,598.53,Active,1
AG_200258,Kilifi,1.185005071163702,36.373123761964514,204090.54,31229.35,2040.91,Active,7
AG_200259,Kisumu,-0.8149738487342588,34.459663632574475,30378.68,3370.11,303.79,Active,6
AG_200260,Nairobi,-1.3601258894997148,36.98687887044017,24368.15,6469.0,243.68,Active,7
AG_200261,Kiambu,-2.231078638763297,37.76063606369637,108135.6,32357.23,1081.36,Active,5
AG_200262,Kilifi,-1.060330812818102,39.128690989680265,821.84,181.89,8.22,Active,3
AG_200263,Nairobi,-1.3486713556651844,36.79705360539973,117824.05,12916.76,1178.24,Active,3
AG_200264,Nairobi,-1.3258282393204126,36.76773963107632,84778.4,16306.61,847.78,Inactive,0
AG_200265,Machakos,-1.2318433387609289,37.992059447938274,287737.54,54072.7,2877.38,Active,1
AG_200266,Kisumu,-3.3598974696787547,39.5141282212767,199524.11,59776.74,1995.24,Active,6
AG_200267,Machakos,-3.435436465501293,34.13144679637081,262439.54,60966.83,2624.4,Active,2
AG_200268,Nakuru,-3.214632955228621,34.593799051690375,13125.71,2554.55,131.26,Active,7
AG_200269,Nakuru,0.2858986004369976,38.02688844498695,103428.47,16644.44,1034.28,Active,2
AG_200270,Kisumu,0.5297592228715857,39.39737881366749,65949.94,17650.66,659.5,Active,6
AG_200271,Mombasa,-4.030249604558516,39.63462995797137,18187.51,5189.84,181.88,Inactive,4
AG_200272,Kiambu,-0.6246550689351593,35.33119864809899,61296.77,9651.84,612.97,Active,3
AG_200273,Machakos,-0.7830196937746898,35.49637076944775,96621.95,17168.49,966.22,Active,3
AG_200274,Nairobi,-1.284550738179917,36.89314572293771,124171.29,21764.76,1241.71,Active,8
AG_200275,Uasin Gishu,-2.268965032368305,39.37699074868205,50511.87,11569.75,505.12,Active,5
AG_200276,Kajiado,0.7111632110332924,38.3912815578194,136901.25,38500.44,1369.01,Inactive,4
AG_200277,Kilifi,-0.4151194365222499,38.23291033046976,6718.95,1000.2,67.19,Active,4
AG_200278,Kajiado,-3.2459760427934112,33.91234100371627,53872.02,9587.93,538.72,Active,5
AG_200279,Nairobi,-1.1370901090872896,36.712554662962255,7022.15,1214.69,70.22,Active,2
AG_200280,Kiambu,-2.8452461950540897,37.45624855562984,27488.68,4691.73,274.89,Active,0
AG_200281,Kiambu,-2.518791111084631,34.93533039099539,22449.75,2587.78,224.5,Active,2
AG_200282,Kilifi,0.5652167260229721,36.21597392141733,56874.58,14841.33,568.75,Active,7
AG_200283,Nairobi,-1.3101087176805557,36.87983124160032,230297.95,44655.09,2302.98,Active,9
AG_200284,Mombasa,-4.031829486222497,39.628099056515495,21138.58,4067.02,211.39,Active,9
AG_200285,Machakos,0.1114992436451844,34.21756001237923,61735.54,15884.19,617.36,Active,1
AG_200286,Nairobi,-1.2407699682131523,36.82556230161581,70836.76,7625.8,708.37,Active,5
AG_200287,Nairobi,-1.2532151265964069,36.73934959758172,56638.22,6685.46,566.38,Active,6
AG_200288,Kiambu,-2.87426254460044,36.20182744239458,185130.91,35819.61,1851.31,Active,6
AG_200289,Machakos,0.4997797636036705,39.27343416842569,56877.8,14291.37,568.78,Inactive,0
AG_200290,Nairobi,-1.4151461028398538,36.84985456580348,7914.29,1008.14,79.14,Active,7
AG_200291,Uasin Gishu,1.688106481013038,37.23035967711768,112465.93,17347.64,1124.66,Active,3
AG_200292,Nairobi,-1.2288136459701593,36.883685742111815,27494.14,2964.97,274.94,Active,9
AG_200293,Kiambu,-0.1114954979913587,36.50670755560849,46531.6,12951.23,465.32,Active,4
AG_200294,Uasin Gishu,-0.6179817989784284,37.766824954449774,254707.9,40393.87,2547.08,Inactive,0
AG_200295,Uasin Gishu,0.1421816535240812,35.238975642628155,3251.19,504.95,32.51,Active,3
AG_200296,Kiambu,0.0336435395854624,33.98615916716092,174940.23,51647.5,1749.4,Active,0
AG_200297,Nairobi,-1.2396756887577314,36.90997297707502,4433.3,810.57,44.33,Active,4
AG_200298,Kilifi,-0.2384406388534177,34.81426222235261,52977.89,5591.39,529.78,Active,0
AG_200299,Nairobi,-1.2901143915506657,36.862634517621096,3962.25,405.91,39.62,Active,8
AG_200300,Nairobi,-1.3102073761645243,36.85974725558098,11076.17,2537.47,110.76,Active,8
AG_200301,Uasin Gishu,-0.2130780573794222,36.395578075390986,210606.83,49702.72,2106.07,Active,9
AG_200302,Nairobi,-1.2830395965014507,36.80477908382132,74738.65,17370.17,747.39,Active,9
AG_200303,Mombasa,-4.059145538629112,39.68334038733991,25159.9,7002.4,251.6,Active,4
AG_200304,Kilifi,1.258505906475959,37.07081206010645,5266.21,922.69,52.66,Active,5
AG_200305,Kajiado,-2.3938544407741515,38.80339840829456,46831.73,9783.09,468.32,Active,9
AG_200306,Nairobi,-1.2828217668479327,36.758995340377645,933.74,251.61,9.34,Active,6
AG_200307,Nairobi,-1.295712722565874,36.83085072977725,390971.93,49485.82,3909.72,Active,7
AG_200308,Kilifi,-3.600180783171957,36.860610055617485,46788.27,12810.5,467.88,Active,7
AG_200309,Nakuru,-2.1281267999134643,35.087144547716136,174422.38,36664.35,1744.22,Inactive,2
AG_200310,Nairobi,-1.2196904326618123,36.841286815884345,59830.72,16380.69,598.31,Active,3
AG_200311,Kilifi,0.9769305881375844,38.452971921773305,685.11,132.4,6.85,Active,1
AG_200312,Nairobi,-1.1819550366425744,36.80325954468119,22182.65,2754.1,221.83,Active,2
AG_200313,Nairobi,-1.2774303548980086,36.8255637473525,16881.62,3958.6,168.82,Active,2
AG_200314,Kisumu,-3.1528438683955664,38.66513633427704,85070.49,22707.67,850.7,Active,4
AG_200315,Nairobi,-1.3184615420612151,36.84020185841933,19221.09,2265.84,192.21,Active,4
AG_200316,Nakuru,-3.626182202529206,35.34806822334229,137991.74,27342.28,1379.92,Active,6
AG_200317,Nairobi,-1.301961411294091,36.843755024737455,30550.47,7615.48,305.5,Active,0
AG_200318,Mombasa,-4.061528102944234,39.701249066097496,116175.16,12998.31,1161.75,Active,0
AG_200319,Nakuru,-0.7872971084554601,34.624325124039466,27475.9,7085.41,274.76,Active,5
AG_200320,Nairobi,-1.2855614043999448,36.82397857128181,65065.95,16359.81,650.66,Active,1
AG_200321,Nairobi,-1.2497566275581415,36.76010150712153,30089.93,5620.08,300.9,Active,6
AG_200322,Nairobi,-1.3057549650744866,36.88455849365903,371585.85,50334.65,3715.86,Active,6
AG_200323,Nairobi,-1.28671709688533,36.7330455090372,265562.05,38590.78,2655.62,Active,4
AG_200324,Nairobi,-1.226319421464667,36.933200989057816,20245.64,2043.8,202.46,Active,0
AG_200325,Nairobi,-1.249600361113876,36.83737607195135,53771.41,8276.46,537.71,Active,8
AG_200326,Kiambu,0.9660487848246408,34.818343227140474,143029.2,34781.34,1430.29,Active,5
AG_200327,Nairobi,-1.3343001192914563,36.75453880966516,317792.5,38366.91,3177.92,Active,5
AG_200328,Nairobi,-1.236786961333696,36.81968652083643,28828.0,4616.24,288.28,Active,9
AG_200329,Nairobi,-1.3691286581089952,36.842294615154,62092.56,6579.83,620.93,Active,1
AG_200330,Nairobi,-1.3203337092041625,36.74586903751837,117813.89,28378.05,1178.14,Active,6
AG_200331,Kilifi,0.4527275295511519,39.02484783962794,71857.2,8363.41,718.57,Active,0
AG_200332,Nairobi,-1.383392097695579,36.88330748137751,303883.02,50569.89,3038.83,Active,8
AG_200333,Uasin Gishu,-0.3014882643568553,37.4645975529018,158500.69,43436.6,1585.01,Inactive,3
AG_200334,Kisumu,-0.3641549048888313,36.56709190187725,130035.53,29208.92,1300.36,Active,4
AG_200335,Nairobi,-1.3136759940157623,36.87290267832167,72741.07,18700.17,727.41,Active,2
AG_200336,Nairobi,-1.3363052555295811,36.804056083676585,4230.51,898.6,42.31,Active,1
AG_200337,Mombasa,-3.976805952395817,39.63886619311569,59299.57,8254.94,593.0,Active,2
AG_200338,Nairobi,-1.3787702807978708,36.80221471215366,8962.69,2339.99,89.63,Active,1
AG_200339,Kajiado,1.6785330809123364,33.880350725947295,221364.2,34681.95,2213.64,Active,8
AG_200340,Nairobi,-1.374611039091424,36.8080882876771,38860.24,6598.47,388.6,Active,0
AG_200341,Mombasa,-4.000001988950533,39.69256333436256,190509.31,36047.09,1905.09,Active,1
AG_200342,Nairobi,-1.2396095392333413,36.80413959819925,200961.23,25881.37,2009.61,Active,6
AG_200343,Kisumu,-2.292930450868558,35.49565255564685,73990.75,11496.66,739.91,Active,1
AG_200344,Nakuru,-4.166839416760706,38.24153427632666,98499.8,11170.69,985.0,Active,4
AG_200345,Mombasa,-4.064066236961492,39.70874885075931,41837.35,9782.17,418.37,Active,0
AG_200346,Kilifi,-4.186841766906409,34.32418132114903,70853.2,14327.06,708.53,Active,2
AG_200347,Nairobi,-1.2815730409270336,36.78776064284863,171890.78,37186.23,1718.91,Inactive,0
AG_200348,Nairobi,-1.253521687266972,36.7438207381218,26041.53,4323.18,260.42,Active,5
AG_200349,Nyeri,-1.5537488089729738,34.132009475007926,5693.84,1601.96,56.94,Active,9
AG_200350,Uasin Gishu,-2.53490382247659,37.17432267627495,31546.69,8025.03,315.47,Active,7
AG_200351,Kisumu,-1.778148402938976,35.44455829155759,112509.78,19482.43,1125.1,Active,3
AG_200352,Machakos,-2.728870077437004,36.38468017084185,43966.57,5766.17,439.67,Active,8
AG_200353,Nairobi,-1.3533725632502944,36.84267530928972,115177.44,34300.95,1151.77,Active,8
AG_200354,Nairobi,-1.292752340931744,36.8231567565034,16355.35,2110.76,163.55,Active,6
AG_200355,Nairobi,-1.2615947883668888,36.84242757050078,159771.08,35782.22,1597.71,Active,6
AG_200356,Nairobi,-1.3310176367099062,36.72127776583838,77862.06,12828.81,778.62,Active,6
AG_200357,Nairobi,-1.3088262340599883,36.75824313243162,101811.25,13329.97,1018.11,Active,4
AG_200358,Kilifi,-0.006007790872786,38.31251393507288,121548.03,30390.74,1215.48,Active,8
AG_200359,Nyeri,0.5822063022261335,39.100744372553145,45428.69,8515.67,454.29,Active,7
AG_200360,Nairobi,-1.2586908555204328,36.80820417007236,44987.62,8794.37,449.88,Active,9
AG_200361,Nairobi,-1.219421343698991,36.79368914858225,977.78,181.97,9.78,Active,6
AG_200362,Kajiado,-1.377079027121089,36.609371023804265,1732.23,362.97,17.32,Active,5
AG_200363,Nairobi,-1.275219904926783,36.831235774977216,33476.16,5268.96,334.76,Active,4
AG_200364,Nairobi,-1.2533605671458772,36.79473265414804,89587.83,12934.23,895.88,Active,1
AG_200365,Nairobi,-1.2740832887925864,36.75170282128296,64760.31,16441.77,647.6,Active,8
AG_200366,Nairobi,-1.3558138352465603,36.8151418519264,143830.6,27632.68,1438.31,Active,1
AG_200367,Nairobi,-1.2408764110692148,36.79492151104841,112515.36,31782.91,1125.15,Active,2
AG_200368,Nakuru,-0.8417173396121591,37.52164735213033,8933.39,1118.65,89.33,Active,9
AG_200369,Nairobi,-1.2151283820381922,36.84111887962728,91469.16,13902.04,914.69,Active,7
AG_200370,Mombasa,-4.0236061240589605,39.6702533414221,19731.69,3443.22,197.32,Active,3
AG_200371,Kajiado,-1.9099369876527648,39.65153725455112,50120.2,5301.29,501.2,Active,8
AG_200372,Nakuru,-0.671492315095829,37.81733638989096,6010.32,1720.83,60.1,Active,1
AG_200373,Kilifi,-1.1573349850104562,39.32400497651708,95178.2,24229.46,951.78,Active,2
AG_200374,Mombasa,-4.086817583315912,39.6330766956337,86952.03,14337.2,869.52,Active,4
AG_200375,Kilifi,-2.525409279727971,38.63615854694704,186765.17,44308.93,1867.65,Active,4
AG_200376,Nairobi,-1.3461723228521052,36.79314512493746,17674.79,4474.51,176.75,Active,8
AG_200377,Nairobi,-1.2670364567631591,36.87015364803083,6668.79,1114.94,66.69,Active,0
AG_200378,Nairobi,-1.3184959353066106,36.8742277326858,121379.38,23230.58,1213.79,Active,7
AG_200379,Nairobi,-1.3904251729378692,36.82080400522914,403983.18,44519.69,4039.83,Active,7
AG_200380,Kiambu,-0.27224677339389,34.2182398252151,170280.22,20408.89,1702.8,Active,8
AG_200381,Kiambu,-3.925688765827622,34.5585596903108,22766.72,4629.8,227.67,Active,3
AG_200382,Nairobi,-1.367591840307329,36.83140412294565,127659.87,26696.93,1276.6,Active,2
AG_200383,Kilifi,0.3450420493446826,39.495712629413845,84411.52,11005.98,844.12,Inactive,8
AG_200384,Nairobi,-1.3506472206451954,36.78460088849148,7533.19,1967.37,75.33,Active,6
AG_200385,Nairobi,-1.2251241598242668,36.82967560938317,107395.62,26629.18,1073.96,Active,2
AG_200386,Nairobi,-1.2986933686175606,36.85287440456945,381531.67,45675.22,3815.32,Active,6
AG_200387,Kiambu,0.8867640593436523,39.30016578083048,205815.73,59932.24,2058.16,Active,0
AG_200388,Nairobi,-1.2902333968080562,36.813341911007285,37172.29,4884.11,371.72,Active,5
AG_200389,Nairobi,-1.294141047759287,36.81911408141729,27492.79,8053.08,274.93,Active,5
AG_200390,Mombasa,-4.0404869766125735,39.68144132473646,14645.52,3917.32,146.46,Active,0
AG_200391,Nairobi,-1.2641093401662509,36.86477269695489,562267.11,71902.37,5622.67,Inactive,0
AG_200392,Nairobi,-1.3071631147974831,36.81980080746635,92022.2,27128.63,920.22,Active,3
AG_200393,Uasin Gishu,0.7482415534241904,35.92239922932539,101765.69,12729.14,1017.66,Active,4
AG_200394,Nairobi,-1.282074978622696,36.86864781284543,126705.55,36352.09,1267.06,Active,8
AG_200395,Nairobi,-1.2479993746492737,36.88774237981036,85050.68,13566.38,850.51,Active,2
AG_200396,Mombasa,-4.057636726541067,39.68224061581713,66094.72,18332.18,660.95,Active,0
AG_200397,Mombasa,-4.027863179877232,39.66614935302289,38824.65,6942.88,388.25,Active,9
AG_200398,Kiambu,-0.8619440844022044,37.223727328288376,78564.08,11844.73,785.64,Active,3
AG_200399,Nairobi,-1.3336675696838098,36.726997458643126,25745.82,7431.23,257.46,Active,9
AG_200400,Kiambu,-0.4279801489783714,34.41920940197958,120294.47,16912.46,1202.94,Active,9
AG_200401,Machakos,-0.0748079842986075,36.25491848662162,44907.13,12636.24,449.07,Active,7
AG_200402,Nakuru,-0.6966989680952016,37.49428237463039,151570.45,36484.93,1515.7,Active,9
AG_200403,Kilifi,-0.2300081585297018,38.97438982724269,68913.89,12604.42,689.14,Active,8
AG_200404,Nakuru,1.7060340874360016,34.26468800214332,43000.84,10598.45,430.01,Inactive,2
AG_200405,Kajiado,-0.884065537039046,33.82818450751757,51592.08,8513.83,515.92,Inactive,1
AG_200406,Mombasa,-4.031879123780488,39.605695318442464,17479.14,4685.33,174.79,Active,0
AG_200407,Nairobi,-1.3196058509662614,36.74469918951956,87921.64,19342.06,879.22,Active,0
AG_200408,Mombasa,-4.016712931089818,39.671087172288864,104558.4,11271.93,1045.58,Active,6
AG_200409,Mombasa,-4.078573095397106,39.65201304060327,100463.07,16822.97,1004.63,Inactive,2
AG_200410,Machakos,0.7567146847431874,39.0604876688129,7615.19,2089.21,76.15,Active,6
AG_200411,Kisumu,-1.848098185989212,37.90050715377721,4625.73,584.18,46.26,Active,9
AG_200412,Kisumu,1.3887129380036705,36.4009018730775,26526.63,4160.34,265.27,Active,6
AG_200413,Kiambu,-0.447190013680151,35.305574668907305,272425.32,73005.19,2724.25,Inactive,7
AG_200414,Nairobi,-1.2288105056567402,36.81144194808321,120984.57,20964.68,1209.85,Active,2
AG_200415,Nairobi,-1.2590858047753577,36.8296692523055,96651.38,18692.2,966.51,Active,2
AG_200416,Uasin Gishu,1.2866676297480304,37.9560594834016,109406.63,23237.86,1094.07,Active,7
AG_200417,Mombasa,-4.011857984203835,39.68600707344464,84735.65,17819.73,847.36,Active,2
AG_200418,Nairobi,-1.2963363450151717,36.87667835300474,153504.76,25104.78,1535.05,Inactive,4
AG_200419,Nairobi,-1.2988103878651809,36.92648049628433,64426.51,12979.63,644.27,Active,7
AG_200420,Nairobi,-1.305783711110055,36.85160341346347,52543.12,10715.58,525.43,Active,6
AG_200421,Machakos,-1.9306851371820872,37.29634970564079,28112.38,5285.49,281.12,Active,2
AG_200422,Kisumu,-2.885201589540707,39.20588779903685,145976.9,43287.5,1459.77,Inactive,1
AG_200423,Kisumu,-2.056200706383917,35.10280788648552,77251.47,10065.36,772.51,Active,1
AG_200424,Kisumu,-3.653885834369529,35.755305710798936,132859.4,19082.98,1328.59,Active,4
AG_200425,Nakuru,-0.5202070993967121,34.609524052571786,9716.84,1447.49,97.17,Active,5
AG_200426,Kisumu,-3.2020299058296864,36.92140641823609,286571.26,80905.38,2865.71,Active,0
AG_200427,Nairobi,-1.3393884449234974,36.789145536693226,173064.67,50884.35,1730.65,Inactive,6
AG_200428,Machakos,-2.556817271762293,37.16455840899416,10887.18,1624.1,108.87,Active,1
AG_200429,Nakuru,1.495048334361494,34.30999970266797,60162.9,17248.56,601.63,Active,7
AG_200430,Nairobi,-1.3362815232222924,36.81719484277207,44288.78,9947.42,442.89,Active,6
AG_200431,Nairobi,-1.2547421923915962,36.90792526486835,131800.86,20903.95,1318.01,Active,5
AG_200432,Mombasa,-4.009508996953133,39.633042770571095,102373.75,10488.9,1023.74,Active,1
AG_200433,Machakos,-2.5599790577467765,37.18042414151047,11337.3,2130.65,113.37,Active,3
AG_200434,Nairobi,-1.3222120745587114,36.88114611021931,191020.29,52916.17,1910.2,Active,0
AG_200435,Nairobi,-1.2632149526157277,36.788279413897385,139356.04,27735.24,1393.56,Active,4
AG_200436,Mombasa,-4.037948481732528,39.623335531370216,112325.8,31435.43,1123.26,Active,8
AG_200437,Machakos,0.7804403556573212,33.98785765327389,6343.31,1209.21,63.43,Active,6
AG_200438,Nairobi,-1.2793109232384632,36.8168189770154,57455.65,15297.01,574.56,Active,0
AG_200439,Nairobi,-1.2852561084729388,36.784265187374594,48738.17,9508.5,487.38,Active,0
AG_200440,Mombasa,-3.9657923415140175,39.67968633869351,226358.25,64864.57,2263.58,Active,9
AG_200441,Kiambu,-1.0162426473059127,34.71977156246722,107870.75,30118.44,1078.71,Active,5
AG_200442,Nairobi,-1.332883257325539,36.79331873883367,126587.0,18237.96,1265.87,Active,8
AG_200443,Nairobi,-1.179955551404705,36.852380217208,130704.11,19379.77,1307.04,Active,3
AG_200444,Nyeri,-0.0868262721608281,38.57058255794725,35416.24,9212.97,354.16,Active,2
AG_200445,Nyeri,0.383576429993272,33.923228428062245,88760.09,14313.44,887.6,Active,9
AG_200446,Kilifi,-2.862999002495661,38.34329749286376,70202.8,10209.44,702.03,Active,6
AG_200447,Nairobi,-1.271479501496416,36.80041591466749,13938.71,3200.63,139.39,Active,1
AG_200448,Uasin Gishu,-0.8439704974802777,34.08889331782478,172577.17,47090.63,1725.77,Active,7
AG_200449,Kisumu,-1.5319345128817388,34.82767768292588,360624.77,38207.94,3606.25,Active,8
AG_200450,Kiambu,0.7357541934110536,39.10405466114096,73521.57,20882.02,735.22,Active,6
AG_200451,Mombasa,-4.0687090807639725,39.640450860527416,181095.02,33123.83,1810.95,Active,4
AG_200452,Nakuru,-0.0371725991255702,38.43564494844993,138139.78,26984.24,1381.4,Active,4
AG_200453,Kilifi,-0.1458039131179738,39.33922531183562,180770.87,20452.85,1807.71,Active,1
AG_200454,Kisumu,-0.4613799622487977,34.54771102528125,2989.23,608.24,29.89,Active,9
AG_200455,Mombasa,-4.008668028069052,39.6421598282767,278625.87,29649.48,2786.26,Inactive,8
AG_200456,Nairobi,-1.2162829711551542,36.95502962411246,81212.83,18866.8,812.13,Active,2
AG_200457,Nairobi,-1.2632660269661344,36.800591050420834,107465.76,26916.94,1074.66,Active,5
AG_200458,Kilifi,0.8918124037308488,37.495449590959744,178658.28,42601.03,1786.58,Active,8
AG_200459,Machakos,-3.3290130734109065,34.70813743422554,62265.7,9811.13,622.66,Active,2
AG_200460,Nairobi,-1.2461472284899622,36.85230010325243,47558.91,13750.76,475.59,Active,1
AG_200461,Kilifi,-0.6923155655843913,35.952903122896686,175264.18,47074.29,1752.64,Active,8
AG_200462,Nairobi,-1.3401025246086793,36.82742104030838,67196.05,17250.99,671.96,Active,2
AG_200463,Nakuru,-1.8491034109584057,36.46953550549955,34894.33,7571.77,348.94,Inactive,4
AG_200464,Nairobi,-1.349123204964577,36.90003333719442,22886.72,6185.67,228.87,Active,3
AG_200465,Kilifi,0.2827832771241241,38.45457387731784,72077.56,9381.85,720.78,Active,6
AG_200466,Nakuru,0.2497192018360039,39.15563011225965,79962.72,11580.31,799.63,Active,6
AG_200467,Uasin Gishu,-3.611938521754282,34.49295738869778,106921.49,29876.11,1069.21,Active,5
AG_200468,Nakuru,-1.054838124089424,38.70097141592839,27569.59,3912.79,275.7,Active,8
AG_200469,Kisumu,-2.2052145468164266,38.678371592409135,82775.23,18631.27,827.75,Active,0
AG_200470,Nairobi,-1.194214855435899,36.83654718590756,429492.66,125815.17,4294.93,Active,6
AG_200471,Uasin Gishu,-0.550741374088503,38.4944681755881,7782.39,1908.88,77.82,Active,1
AG_200472,Nairobi,-1.211115079654339,36.831936347751,4791.74,1371.86,47.92,Active,7
AG_200473,Nairobi,-1.2596131340854198,36.78944472330575,117528.47,24953.47,1175.28,Active,9
AG_200474,Mombasa,-4.049421846415578,39.643884295119726,71641.38,7934.88,716.41,Active,3
AG_200475,Kiambu,-2.7461900470525444,37.47796134041264,452964.38,48718.29,4529.64,Active,0
AG_200476,Kajiado,-1.81356857986752,37.488837099565295,71214.07,7154.73,712.14,Active,7
AG_200477,Nairobi,-1.249609144360026,36.75957442860378,160474.81,33816.09,1604.75,Inactive,8
AG_200478,Kiambu,-1.486442964723606,38.9099881809072,2880.56,781.36,28.81,Active,6
AG_200479,Kisumu,1.020901055631508,38.65324443031213,90183.77,12555.81,901.84,Active,6
AG_200480,Nairobi,-1.272499388271297,36.881544329549776,93320.43,12651.04,933.2,Active,8
AG_200481,Kisumu,-1.8790184225671984,35.527143320072,21125.73,4511.73,211.26,Inactive,6
AG_200482,Nairobi,-1.3445119881653875,36.898030100933546,36981.63,8779.44,369.82,Active,2
AG_200483,Nairobi,-1.2847541051719913,36.81746680765328,136370.87,32221.23,1363.71,Active,7
AG_200484,Nairobi,-1.236611007986781,36.81269516134378,245927.14,32174.26,2459.27,Active,1
AG_200485,Machakos,-2.942681253688181,38.1015369807352,224674.96,30212.98,2246.75,Active,0
AG_200486,Nyeri,-3.067402698719554,34.15417844188588,49982.66,6653.31,499.83,Inactive,4
AG_200487,Nairobi,-1.2969557255025632,36.77483499160077,64597.99,13611.49,645.98,Active,9
AG_200488,Kiambu,1.511426302492546,33.89295236850315,275835.13,36952.05,2758.35,Active,9
AG_200489,Kiambu,-3.8674709105130263,36.88162559449106,112385.26,32615.85,1123.85,Active,2
AG_200490,Kilifi,0.9905930192302492,39.27817988672313,362172.11,67174.27,3621.72,Active,2
AG_200491,Nyeri,-2.005109060473605,35.83011433570313,237581.0,53019.54,2375.81,Active,3
AG_200492,Kisumu,-1.101804700726124,37.50393782939674,218573.11,44808.77,2185.73,Active,3
AG_200493,Nairobi,-1.3264193499394652,36.90002184737139,20689.14,5663.52,206.89,Active,9
AG_200494,Mombasa,-4.064759559836388,39.641594653288415,173505.1,46635.89,1735.05,Active,3
AG_200495,Kajiado,-3.5827632675817096,38.63411983646426,90339.3,27027.85,903.39,Inactive,0
AG_200496,Nyeri,-0.4503584578243014,35.990584969279055,63681.51,18407.96,636.82,Active,6
AG_200497,Nairobi,-1.24469224259832,36.85617587891535,73016.51,12929.97,730.17,Active,0
AG_200498,Nairobi,-1.2274649213311362,36.7904314665042,92810.41,20142.93,928.1,Active,7
AG_200499,Uasin Gishu,-0.7377742483080449,35.71240046548719,6668.54,1529.1,66.69,Active,6
AG_200500,Nakuru,-3.9490468505582585,36.28571184580405,126639.85,31138.23,1266.4,Inactive,0
AG_200501,Uasin Gishu,-4.150132712660304,39.76943482962227,114046.77,17680.0,1140.47,Active,2
AG_200502,Nairobi,-1.2525467131991777,36.80707877154513,245710.68,68238.19,2457.11,Active,3
AG_200503,Machakos,-3.970789683151014,38.86496078730681,21067.2,3120.7,210.67,Active,2
AG_200504,Mombasa,-4.042777570612006,39.663631903636585,15134.63,3090.17,151.35,Active,9
AG_200505,Nakuru,-0.1997540451162176,38.86225544829748,53521.5,11730.87,535.22,Inactive,2
AG_200506,Kajiado,-3.259891710761025,33.83569375170857,185614.07,36791.95,1856.14,Active,4
AG_200507,Machakos,-0.4223257078689,37.94478507639152,158892.17,18189.82,1588.92,Active,5
AG_200508,Mombasa,-4.045264119338626,39.646740896332766,57407.57,14131.04,574.08,Active,3
AG_200509,Nyeri,1.0798914591064428,39.21398746424916,61778.64,12468.45,617.79,Active,9
AG_200510,Uasin Gishu,-3.4886620719796566,39.245778399771226,166104.48,44649.44,1661.04,Active,6
AG_200511,Nyeri,-3.1543804730542617,36.92827536384965,107545.58,26107.2,1075.46,Active,6
AG_200512,Kilifi,-0.5252505577891886,35.71212199870119,81670.47,23889.9,816.7,Active,7
AG_200513,Nyeri,-3.239418330946785,34.90063362974015,113724.05,31854.53,1137.24,Active,2
AG_200514,Uasin Gishu,-0.0536192241767821,34.871994949013974,10135.86,2501.01,101.36,Active,4
AG_200515,Mombasa,-4.041733065569789,39.67289432007611,19157.88,4199.33,191.58,Active,6
AG_200516,Nairobi,-1.2313597886547736,36.85241092124702,369409.01,85719.13,3694.09,Active,1
AG_200517,Nairobi,-1.3345264489552455,36.880736213534426,81070.42,13737.47,810.7,Active,7
AG_200518,Mombasa,-4.005746764686945,39.656624109238926,1276.1,234.79,12.76,Active,2
AG_200519,Mombasa,-4.083488122413299,39.58910132512562,244298.32,68195.13,2442.98,Active,3
AG_200520,Kisumu,0.3999328002340061,34.07334072247861,178455.07,23244.41,1784.55,Active,0
AG_200521,Uasin Gishu,0.1681250040860542,37.64613521180421,63844.01,10042.61,638.44,Active,7
AG_200522,Mombasa,-4.012384734512658,39.61696197738636,9902.25,1888.37,99.02,Active,8
AG_200523,Nakuru,-1.4891250048996738,37.67640802862541,253404.46,52728.44,2534.04,Active,7
AG_200524,Kisumu,0.0977223367750206,38.25442682553848,1502.06,344.03,15.02,Active,0
AG_200525,Kajiado,-3.157738738328831,34.955514982509364,41790.98,9763.86,417.91,Active,9
AG_200526,Nairobi,-1.2757470863914262,36.728899454470245,80186.35,23107.35,801.86,Active,0
AG_200527,Kajiado,-1.973291863719573,37.99521813180952,8931.3,2300.67,89.31,Inactive,3
AG_200528,Kiambu,-0.6498881700145434,34.00431482857792,82427.75,12339.87,824.28,Active,8
AG_200529,Nairobi,-1.355485079389893,36.82582736056165,97996.21,22794.0,979.96,Active,3
AG_200530,Kiambu,-3.652838110213695,38.450548631403365,47650.68,6406.43,476.51,Active,2
AG_200531,Nairobi,-1.2584947678806098,36.82491400045433,94992.06,22374.03,949.92,Active,1
AG_200532,Nairobi,-1.266083612321723,36.80900109389324,431025.51,47768.19,4310.26,Active,2
AG_200533,Machakos,-0.5816719994432458,39.64973177821354,109841.09,31961.14,1098.41,Active,7
AG_200534,Nairobi,-1.2583111486762102,36.80227526137524,72113.85,7581.5,721.14,Inactive,3
AG_200535,Nairobi,-1.2436058364302225,36.75490627354128,54854.97,8861.47,548.55,Active,0
AG_200536,Nakuru,-1.7155025380738358,35.53855396545239,245412.59,73131.12,2454.13,Inactive,9
AG_200537,Kisumu,-0.2330282605598987,35.78188071932723,56578.49,14337.24,565.78,Active,0
AG_200538,Nairobi,-1.2687091441995084,36.80178657060146,1874.06,347.05,18.74,Inactive,5
AG_200539,Nakuru,1.3689380797625683,37.572906918345566,232096.18,50619.62,2320.96,Active,8
AG_200540,Kisumu,-4.117156639204369,39.32745523497833,214901.58,27456.49,2149.02,Active,8
AG_200541,Kisumu,-1.4607230775280644,38.60674154110629,16472.31,3682.61,164.72,Active,4
AG_200542,Nyeri,0.3644157474728058,33.94736071202831,68636.85,9537.47,686.37,Active,7
AG_200543,Kisumu,-3.197418582848436,36.02896866194232,218769.37,38186.02,2187.69,Inactive,5
AG_200544,Machakos,1.5864641370731294,39.73906518059227,52228.5,8099.62,522.28,Active,4
AG_200545,Mombasa,-4.129119740252283,39.66526080725064,11856.94,1795.54,118.57,Active,3
AG_200546,Nairobi,-1.2475116256870054,36.90527877023968,106191.27,21871.44,1061.91,Active,9
AG_200547,Nakuru,1.5527912167866031,37.078394534445,104147.98,29419.05,1041.48,Inactive,7
AG_200548,Nyeri,-3.9558242778847568,35.65771746950048,292843.21,63136.03,2928.43,Active,0
AG_200549,Nairobi,-1.304098641567098,36.81614549724392,142166.81,31256.92,1421.67,Active,3
AG_200550,Kiambu,-3.670742102086984,39.49514049533303,343897.0,55846.6,3438.97,Active,0
AG_200551,Nairobi,-1.2392033102554452,36.77072131079217,72401.63,12532.01,724.02,Active,9
AG_200552,Kiambu,0.946963334469076,38.219361428848224,119209.71,32415.16,1192.1,Active,4
AG_200553,Nyeri,-0.6104943290307216,38.62472467979015,13548.9,2427.47,135.49,Active,7
AG_200554,Mombasa,-4.078000122288808,39.65677616715238,854.71,139.28,8.55,Active,5
AG_200555,Kilifi,1.1519574804816763,36.478779867193005,15471.26,4046.94,154.71,Active,4
AG_200556,Kiambu,-3.071892846342952,36.822981644342974,40119.83,11095.62,401.2,Active,9
AG_200557,Machakos,0.0397634503519486,37.336933190033136,200020.65,57930.26,2000.21,Inactive,6
AG_200558,Nyeri,-2.849669684276763,34.62932035117424,479341.74,131561.78,4793.42,Active,7
AG_200559,Kilifi,0.2983289569715304,37.94564013244016,9338.48,1550.88,93.38,Active,8
AG_200560,Kiambu,-2.4670057552081825,36.950103980335264,25168.18,6456.95,251.68,Active,8
AG_200561,Nairobi,-1.2504582259493406,36.79630747284895,69296.03,9285.15,692.96,Active,3
AG_200562,Kiambu,0.1266274590639338,38.55643571907711,17469.11,3216.02,174.69,Active,1
AG_200563,Kisumu,-0.8161828965142319,35.989646524942906,54924.73,10753.08,549.25,Active,6
AG_200564,Nakuru,-1.3008134078147318,38.93731950986503,159665.24,20965.18,1596.65,Active,8
AG_200565,Nyeri,-2.159830506593184,38.40542765156974,96854.99,16613.16,968.55,Active,8
AG_200566,Kisumu,0.5533434678873566,38.950899957159976,107969.34,23329.33,1079.69,Active,4
AG_200567,Kisumu,0.2305670345851151,34.586096687420856,108782.92,15887.07,1087.83,Active,2
AG_200568,Nairobi,-1.2859295166927405,36.85043423403036,106769.75,16271.28,1067.7,Active,2
AG_200569,Nairobi,-1.2632607476218614,36.85836092502692,191325.63,24115.91,1913.26,Active,2
AG_200570,Kiambu,-2.8578159674516623,37.43438938173266,141264.84,27192.13,1412.65,Active,0
AG_200571,Uasin Gishu,1.0708033799241383,37.72970323109341,147101.33,21518.93,1471.01,Inactive,2
AG_200572,Nairobi,-1.4137445200679102,36.83639618806157,41176.28,8458.47,411.76,Active,6
AG_200573,Nairobi,-1.275787977424222,36.83487070328953,34353.5,8569.16,343.54,Active,6
AG_200574,Machakos,-3.254137504415197,37.0771031177413,122892.66,20809.52,1228.93,Active,6
AG_200575,Kisumu,-1.5331512998198702,34.44593298700228,132280.08,15254.07,1322.8,Active,7
AG_200576,Uasin Gishu,0.2200135656822059,39.3671043593594,235028.94,64674.65,2350.29,Active,6
AG_200577,Nairobi,-1.2735118072783442,36.894214340130745,83262.56,19443.69,832.63,Active,9
AG_200578,Nairobi,-1.296107673221606,36.76748772156658,56405.64,15570.21,564.06,Active,2
AG_200579,Nairobi,-1.1973291278303306,36.85254430149512,30527.85,3694.27,305.28,Active,1
AG_200580,Nairobi,-1.2557639738620487,36.81939319026999,85836.49,15047.58,858.36,Active,3
AG_200581,Kilifi,1.221338675587836,37.77054711772639,401433.01,104587.46,4014.33,Active,6
AG_200582,Nairobi,-1.229609189282553,36.86865862274054,54286.95,8041.57,542.87,Active,7
AG_200583,Nairobi,-1.2469185862934578,36.826353198516586,150746.93,38692.15,1507.47,Active,8
AG_200584,Kiambu,-2.5221197547389944,38.10718447274714,9149.74,2143.97,91.5,Active,5
AG_200585,Nairobi,-1.2818061989435552,36.84564452027804,125534.98,33417.48,1255.35,Active,2
AG_200586,Machakos,-0.0574074892427931,35.30081166612172,123681.16,34001.29,1236.81,Active,6
AG_200587,Kiambu,0.4067196483610582,35.223711233893354,35685.08,4083.47,356.85,Active,1
AG_200588,Nairobi,-1.2402119694294451,36.74463464615354,46125.04,13283.44,461.25,Active,6
AG_200589,Mombasa,-4.036196958190493,39.64685052580659,27938.63,5274.73,279.39,Active,1
AG_200590,Kiambu,-1.1973569673594848,34.059825005929255,26038.24,3347.75,260.38,Active,4
AG_200591,Machakos,-1.0579674036258957,37.60073336842172,94447.47,26973.61,944.47,Active,6
AG_200592,Kiambu,0.0073810038398776,35.37830885908835,15115.4,3839.46,151.15,Active,5
AG_200593,Kisumu,1.57800018044943,36.742153571285975,73638.65,18050.1,736.39,Active,2
AG_200594,Nairobi,-1.2886526723862772,36.83718252976482,51853.37,8946.18,518.53,Active,0
AG_200595,Nakuru,0.771755293625332,37.77513856777971,128058.94,17317.32,1280.59,Active,8
AG_200596,Uasin Gishu,0.9369451039011436,39.7050056481773,120302.31,30502.11,1203.02,Active,2
AG_200597,Nakuru,-1.539123792750147,33.872862483416924,174322.32,23078.35,1743.22,Active,6
AG_200598,Machakos,-1.1818596670205472,35.3210150858756,141876.74,32089.77,1418.77,Active,3
AG_200599,Nakuru,-2.8757571295213724,35.355017235985365,27892.06,4773.37,278.92,Active,9
AG_200600,Kajiado,1.2322226353435568,34.83991629660998,21395.82,3653.72,213.96,Active,8
AG_200601,Nairobi,-1.275282614360799,36.82768511961,86229.2,11891.51,862.29,Active,2
AG_200602,Kisumu,-3.745355036020171,38.8630153290836,49157.43,10842.31,491.57,Active,6
AG_200603,Nairobi,-1.2197877323384043,36.82210686512559,10235.41,1600.81,102.35,Active,1
AG_200604,Nairobi,-1.281846965828797,36.80693841463864,29863.36,7512.82,298.63,Active,2
AG_200605,Nairobi,-1.4027672702203091,36.79307323658106,218997.71,58255.05,2189.98,Active,6
AG_200606,Nyeri,1.6926870096239937,36.146219693360685,7692.78,2186.1,76.93,Active,7
AG_200607,Nakuru,-3.2859276765750565,37.588105351620754,209379.07,21278.95,2093.79,Inactive,9
AG_200608,Mombasa,-4.026710385443513,39.6314785658753,123786.49,26685.04,1237.86,Inactive,3
AG_200609,Machakos,-2.416149440285415,33.99718733751153,25234.57,3318.09,252.35,Active,9
AG_200610,Mombasa,-4.037619028067757,39.66539480656608,12178.74,3636.89,121.79,Active,7
AG_200611,Nairobi,-1.2588303202667892,36.83127727346014,24696.81,3795.45,246.97,Active,1
AG_200612,Nairobi,-1.3046429608167782,36.7849455618013,36477.54,9846.7,364.78,Active,5
AG_200613,Nairobi,-1.324489788454644,36.84111674138174,29470.07,3773.66,294.7,Active,6
AG_200614,Mombasa,-4.0609953295780405,39.690420238423215,136354.79,15159.08,1363.55,Active,7
AG_200615,Kisumu,-1.8469483384590684,39.45579104874631,41939.8,12316.21,419.4,Active,8
AG_200616,Nairobi,-1.3208461139402885,36.86967658072338,7775.49,1480.74,77.75,Active,5
AG_200617,Nairobi,-1.3476440134359575,36.77698673888993,10053.33,1106.18,100.53,Inactive,4
AG_200618,Kajiado,-2.632951916997444,34.35991312834953,39684.39,6203.97,396.84,Active,0
AG_200619,Kajiado,-1.6325860091312607,35.52831727300128,11478.98,3330.65,114.79,Active,1
AG_200620,Nyeri,-2.779599292528172,36.10020734541071,108740.68,26132.78,1087.41,Active,0
AG_200621,Kiambu,-0.0427864619560212,36.74964670216824,222134.97,35986.29,2221.35,Active,5
AG_200622,Nairobi,-1.3417815655562877,36.77669985295211,536.46,58.68,5.36,Active,7
AG_200623,Uasin Gishu,-3.4739802559994297,37.87487652410003,297522.71,31782.51,2975.23,Active,7
AG_200624,Kilifi,-0.6210072349040281,36.88354828509223,26806.71,6148.36,268.07,Active,1
AG_200625,Nairobi,-1.3949520683554135,36.75857519335975,135754.67,27533.43,1357.55,Active,8
AG_200626,Nairobi,-1.3269748886169217,36.76802821822352,5733.45,1565.9,57.33,Active,2
AG_200627,Nairobi,-1.2935633567210336,36.84379099175942,73111.67,17858.33,731.12,Active,3
AG_200628,Mombasa,-4.031461510077016,39.67450500807074,481642.6,59079.09,4816.43,Active,5
AG_200629,Nairobi,-1.4033510489320948,36.81185217842668,114686.7,30056.27,1146.87,Active,7
AG_200630,Nyeri,-4.020134764312775,35.93800051194937,97406.79,22688.61,974.07,Active,4
AG_200631,Kajiado,-4.197229689943586,39.69599209133951,78502.93,11299.3,785.03,Active,3
AG_200632,Kiambu,-0.5986013336305331,34.99542447435915,457166.93,69610.68,4571.67,Active,0
AG_200633,Kajiado,-2.155142312919083,38.0920352152124,340.27,74.47,3.4,Active,4
AG_200634,Machakos,0.448904799903602,38.04472339963988,14797.84,1898.55,147.98,Inactive,3
AG_200635,Kiambu,0.6810005385569096,34.32970385674706,23532.38,4999.75,235.32,Active,8
AG_200636,Kilifi,-3.142186596546348,34.16300048701723,238032.51,39347.15,2380.33,Active,4
AG_200637,Machakos,-2.0771954359253346,39.44749554710498,33661.05,7819.6,336.61,Inactive,7
AG_200638,Uasin Gishu,0.4424951836502695,35.7370263078533,60874.88,12211.82,608.75,Active,6
AG_200639,Machakos,0.4262733367495717,39.721262169789696,64535.22,15383.6,645.35,Active,7
AG_200640,Mombasa,-4.031664233904291,39.63163150836687,203569.02,50123.7,2035.69,Active,5
AG_200641,Nairobi,-1.2004824932450766,36.83060440612172,562791.22,78048.49,5627.91,Inactive,2
AG_200642,Nakuru,-2.9644289077069423,36.39122630962589,47332.37,6982.62,473.32,Active,1
AG_200643,Nairobi,-1.2130115997106583,36.77427082942023,21093.07,3850.07,210.93,Active,5
AG_200644,Nairobi,-1.2494517888713514,36.78790785657594,48314.98,11644.5,483.15,Active,1
AG_200645,Nairobi,-1.154119158742947,36.77827422373057,56646.61,12385.98,566.47,Active,7
AG_200646,Nairobi,-1.332772889069326,36.87828739678632,16543.6,3102.37,165.44,Active,2
AG_200647,Nairobi,-1.2086918644744862,36.740332591813846,2880.11,447.32,28.8,Active,9
AG_200648,Kiambu,-4.25265451472209,37.041151572552415,73239.36,18239.72,732.39,Active,8
AG_200649,Nairobi,-1.2270819039118386,36.85879666297061,417762.58,105793.07,4177.63,Active,3
AG_200650,Kiambu,-0.067695276619754,35.46046130839521,39755.89,9618.57,397.56,Active,3
AG_200651,Nairobi,-1.3342401122067282,36.72453491298929,5708.52,983.89,57.09,Active,8
AG_200652,Uasin Gishu,-3.121526448574248,35.75715865763806,25071.62,4224.98,250.72,Active,0
AG_200653,Nairobi,-1.2902080337770134,36.91543535029572,79357.41,22054.6,793.57,Active,7
AG_200654,Nyeri,1.6926333738400914,35.400512896622566,270273.46,27483.63,2702.73,Active,5
AG_200655,Nairobi,-1.174149963495682,36.85101399990748,116416.44,22661.94,1164.16,Active,8
AG_200656,Nairobi,-1.2941029873844818,36.79109959276132,110157.62,19336.47,1101.58,Active,9
AG_200657,Nairobi,-1.2838040718127277,36.72241582861077,24480.14,4689.13,244.8,Active,0
AG_200658,Nairobi,-1.2568624942802429,36.82407651649843,22271.27,6380.78,222.71,Active,8
AG_200659,Kilifi,1.226203548307262,38.54358265185803,57013.55,16219.63,570.14,Active,9
AG_200660,Nairobi,-1.3327370736029938,36.92202656989091,37305.97,3924.7,373.06,Active,5
AG_200661,Nairobi,-1.279299989883049,36.860793895039606,187724.31,46723.92,1877.24,Inactive,9
AG_200662,Nairobi,-1.250545027902566,36.83662050915271,60740.14,10391.82,607.4,Active,2
AG_200663,Kisumu,-0.0949798624693272,36.924864759331165,13076.33,3468.05,130.76,Active,0
AG_200664,Nakuru,-0.1095284520648085,39.76320977974255,37276.02,10245.11,372.76,Active,8
AG_200665,Machakos,-1.6466234800692785,36.5650623122469,40895.62,8909.11,408.96,Active,4
AG_200666,Kajiado,-2.6910326236736504,37.25266946857048,89894.65,22703.18,898.95,Active,3
AG_200667,Nairobi,-1.3025987894403357,36.81239773078914,70615.65,9023.24,706.16,Active,4
AG_200668,Nairobi,-1.2940271360272622,36.80855190880639,320990.24,71317.52,3209.9,Active,7
AG_200669,Kiambu,-3.4539401666734744,39.305232951002864,49901.04,5578.55,499.01,Active,5
AG_200670,Machakos,-4.060307514308191,35.290615254094526,349254.71,93611.4,3492.55,Active,6
AG_200671,Mombasa,-4.008206631812245,39.66150089015552,10004.73,2704.76,100.05,Active,7
AG_200672,Uasin Gishu,0.601131888326399,36.31584502137187,45979.66,9479.57,459.8,Active,6
AG_200673,Nairobi,-1.3197333573125465,36.84629481343468,93526.37,15633.12,935.26,Inactive,6
AG_200674,Nairobi,-1.2705557402379253,36.83113568736618,355152.63,60566.15,3551.53,Active,4
AG_200675,Kilifi,0.3449452975881384,35.12410766808791,111184.63,25289.78,1111.85,Active,1
AG_200676,Nairobi,-1.270369493603504,36.7703083108736,33766.32,5480.48,337.66,Active,6
AG_200677,Nyeri,-3.422188141790536,37.93247081478714,60406.25,8843.05,604.06,Inactive,5
AG_200678,Nyeri,-0.4302076141735467,35.31753626278988,133121.46,13834.9,1331.21,Active,6
AG_200679,Kiambu,-0.1640085272266664,39.065672145347946,174689.29,37699.31,1746.89,Active,3
AG_200680,Uasin Gishu,-3.9961926469023847,33.91683119748574,15666.77,2641.43,156.67,Active,0
AG_200681,Nyeri,-0.9335318384441632,37.28827640519869,91650.2,19920.78,916.5,Inactive,1
AG_200682,Kiambu,-0.889737093432643,35.19354757789475,164194.97,48295.69,1641.95,Active,4
AG_200683,Nairobi,-1.291967830663954,36.83657182776253,33224.67,9016.41,332.25,Active,4
AG_200684,Machakos,-2.6311857279038566,35.47008668589801,119919.49,23268.7,1199.19,Inactive,8
AG_200685,Nakuru,-0.6311869045141048,34.71001670280664,68672.15,14126.38,686.72,Active,1
AG_200686,Uasin Gishu,-0.3991790104628456,35.39779942243331,37862.54,10680.07,378.63,Active,8
AG_200687,Kisumu,-1.7885663706054398,34.28214136634713,96571.07,27457.04,965.71,Active,3
AG_200688,Machakos,0.1715477348288321,35.6368182364296,412591.14,79994.22,4125.91,Active,4
AG_200689,Nairobi,-1.308230944101343,36.88942293728503,294378.15,83435.54,2943.78,Active,3
AG_200690,Kiambu,-1.275924641083179,33.96818928462,70850.91,15229.38,708.51,Active,6
AG_200691,Nairobi,-1.3823106297366197,36.71243687816134,5798.61,1643.53,57.99,Active,6
AG_200692,Nairobi,-1.2457300604774744,36.83050552451496,243642.6,42086.22,2436.43,Active,5
AG_200693,Nakuru,-0.3911865895472128,37.915958096078725,6808.61,1072.28,68.09,Active,3
AG_200694,Uasin Gishu,0.957522704486146,37.636639971848005,166643.79,22881.73,1666.44,Active,3
AG_200695,Nairobi,-1.3037157492312197,36.71018321203245,13724.38,1608.49,137.24,Active,4
AG_200696,Kiambu,1.7141943309395746,35.640085260264186,37487.93,7666.38,374.88,Active,0
AG_200697,Nairobi,-1.3945625535783628,36.85899097397889,93454.07,13691.66,934.54,Active,0
AG_200698,Nyeri,0.7807771163983992,39.23280668039568,16418.39,3388.2,164.18,Active,4
AG_200699,Kisumu,-3.538855681921076,36.14140260416503,44037.39,5769.31,440.37,Active,1
AG_200700,Nairobi,-1.3504815085006,36.78683409304488,128044.84,21025.1,1280.45,Active,1
AG_200701,Nairobi,-1.2467993744860058,36.91478361952467,325771.73,53768.46,3257.72,Active,3
AG_200702,Nairobi,-1.272799550511126,36.80343276162184,127642.61,20140.66,1276.43,Active,9
AG_200703,Kilifi,-2.0293317601252063,34.313866302536226,15913.6,4043.28,159.14,Active,6
AG_200704,Nairobi,-1.2854079253017427,36.80178940636035,8717.03,1220.31,87.17,Active,3
AG_200705,Machakos,-3.151891328882136,38.91008752504534,145127.54,40846.77,1451.28,Active,8
AG_200706,Machakos,0.4320624087839315,35.93497235712736,59236.92,8898.39,592.37,Active,5
AG_200707,Nakuru,1.3823102064235349,37.73874577504226,69289.89,14692.66,692.9,Active,2
AG_200708,Nairobi,-1.1919093360971251,36.84642080216022,22738.73,5579.07,227.39,Active,8
AG_200709,Nairobi,-1.232358985636096,36.82927988914526,108232.77,17300.69,1082.33,Active,5
AG_200710,Kiambu,0.1744123557919785,34.28602888377429,351516.92,101846.06,3515.17,Active,6
AG_200711,Nairobi,-1.3494378441649737,36.76694983553992,18556.15,3545.68,185.56,Active,6
AG_200712,Kiambu,-2.37518079440047,35.982084941387775,84976.86,12746.68,849.77,Active,5
AG_200713,Kiambu,-0.7802675674889625,37.66548775485119,213436.07,56962.22,2134.36,Active,1
AG_200714,Nairobi,-1.3073826286285748,36.85256630592971,4527.74,749.43,45.28,Active,0
AG_200715,Nairobi,-1.2483816406367765,36.85083572505551,8187.58,941.69,81.88,Active,7
AG_200716,Kiambu,-1.0544089367441736,35.47295338643121,299082.04,84944.31,2990.82,Active,8
AG_200717,Nakuru,-2.2137030732750445,39.22160561670727,77590.79,16110.02,775.91,Active,6
AG_200718,Kajiado,-1.4822745272489584,38.01128819007066,47069.46,7905.73,470.69,Active,9
AG_200719,Nairobi,-1.299077895978982,36.79333349786622,68032.92,15598.05,680.33,Active,2
AG_200720,Kiambu,-0.2316746421569797,35.975275960877006,42777.31,9279.76,427.77,Active,1
AG_200721,Nakuru,0.7934797096003419,38.094252829138426,178424.4,47762.68,1784.24,Active,2
AG_200722,Kilifi,-0.909143566845122,37.49844376549182,156427.68,35801.78,1564.28,Active,9
AG_200723,Nairobi,-1.2839039589927308,36.81937815895535,66120.43,17731.71,661.2,Active,8
AG_200724,Kiambu,-3.1348252797952245,39.29774468231743,3054.62,497.86,30.55,Inactive,1
AG_200725,Kiambu,-2.204827140472225,38.72744321271727,69814.35,20524.08,698.14,Active,9
AG_200726,Nairobi,-1.276537901758544,36.83213301308374,134977.48,27289.12,1349.77,Active,6
AG_200727,Nairobi,-1.2657663592694508,36.94566914922704,118860.8,25660.49,1188.61,Inactive,9
AG_200728,Mombasa,-4.08304890211099,39.67243763511585,207012.47,47153.08,2070.12,Inactive,0
AG_200729,Nyeri,1.24498590572029,34.99466512631712,39826.31,4102.27,398.26,Active,9
AG_200730,Mombasa,-4.012943172384893,39.712925487403055,282988.48,80587.18,2829.88,Active,0
AG_200731,Nyeri,0.7252637871848215,34.48992285133625,9632.14,2567.99,96.32,Active,3
AG_200732,Uasin Gishu,-0.3990895743595286,34.309756802540335,11679.07,3476.63,116.79,Active,9
AG_200733,Nairobi,-1.3458616610085856,36.91038051237624,21098.28,5859.4,210.98,Active,9
AG_200734,Machakos,-3.277079204995037,34.535051545742675,537162.1,66288.63,5371.62,Active,3
AG_200735,Nairobi,-1.354365083376012,36.82325261002952,126232.03,19666.47,1262.32,Active,4
AG_200736,Nairobi,-1.2735767589685665,36.80428332715925,324636.71,83068.88,3246.37,Active,7
AG_200737,Kajiado,-2.3671051167530885,34.16930737406401,244696.06,38967.76,2446.96,Active,4
AG_200738,Kilifi,-4.195342091928687,37.46685151744216,5969.0,1743.98,59.69,Active,5
AG_200739,Kilifi,0.0636123529681536,37.76498477365925,9206.6,1410.69,92.07,Active,8
AG_200740,Mombasa,-4.048146532872294,39.65746507491279,119843.63,13830.37,1198.44,Active,9
AG_200741,Nairobi,-1.2986430214505973,36.87538045058958,2673.75,624.67,26.74,Active,1
AG_200742,Kajiado,0.4476580377361714,38.36202599208597,112948.76,27932.38,1129.49,Active,0
AG_200743,Nairobi,-1.216330600030967,36.83549837522678,56586.11,10545.67,565.86,Active,0
AG_200744,Nairobi,-1.297066469961663,36.81038493219211,149170.33,36902.43,1491.7,Active,4
AG_200745,Kisumu,-2.782396573101836,36.62048716081426,71352.03,12563.53,713.52,Active,8
AG_200746,Nairobi,-1.328117625376132,36.70886341282464,192466.42,25555.26,1924.66,Inactive,8
AG_200747,Machakos,-2.756506960914321,38.284440441546295,22668.72,2604.55,226.69,Active,3
AG_200748,Kiambu,-0.4994106660377724,38.89035289385229,52539.0,10711.68,525.39,Active,0
AG_200749,Machakos,0.5396893132175162,38.62624078246083,10536.83,1083.41,105.37,Active,4
AG_200750,Kisumu,1.409382416095654,36.08478415005256,40771.2,4365.27,407.71,Active,2
AG_200751,Nairobi,-1.311315285894063,36.64264643200916,170079.79,42016.81,1700.8,Active,7
AG_200752,Kilifi,1.0570074539181908,38.63626252920557,23894.58,5975.46,238.95,Active,8
AG_200753,Kiambu,-1.3330673496886696,38.7539227190619,90102.92,10039.17,901.03,Active,4
AG_200754,Nairobi,-1.3007394811151722,36.805104924953234,62069.39,17608.68,620.69,Active,3
AG_200755,Nairobi,-1.3099361114203614,36.774433654921616,22299.22,2455.64,222.99,Active,8
AG_200756,Nairobi,-1.1956690328987014,36.82113177100444,82209.96,8237.38,822.1,Active,8
AG_200757,Kisumu,-0.1434780597086777,33.87294205650608,116730.84,27822.73,1167.31,Active,5
AG_200758,Nairobi,-1.3547232456643508,36.75840448766239,79889.88,20759.08,798.9,Active,6
AG_200759,Kisumu,-2.2872899291524544,34.277138402980526,52559.02,12176.48,525.59,Active,1
AG_200760,Kajiado,-0.9806267464416584,36.8658795799983,77603.87,11962.15,776.04,Active,1
AG_200761,Mombasa,-4.029684307281524,39.66910400425729,19075.81,2964.47,190.76,Active,0
AG_200762,Nairobi,-1.335368172366968,36.83126129025852,107857.27,27060.85,1078.57,Active,7
AG_200763,Nakuru,-3.108309369673247,35.746192364989376,130767.03,38570.5,1307.67,Active,2
AG_200764,Mombasa,-4.015069011087268,39.65476813301879,19320.72,2059.23,193.21,Inactive,8
AG_200765,Mombasa,-4.037831249417176,39.64441118944259,302442.45,30772.84,3024.42,Active,4
AG_200766,Mombasa,-4.044091444028868,39.70658455956798,22531.73,4227.06,225.32,Active,7
AG_200767,Kajiado,-3.6673630670849136,35.45337050878801,39581.53,9962.51,395.82,Active,2
AG_200768,Kajiado,0.1987142328217903,36.16480951456016,674.71,152.8,6.75,Active,4
AG_200769,Nairobi,-1.2172590491668078,36.750733702011736,174042.22,43007.59,1740.42,Active,0
AG_200770,Kilifi,-2.6026158033887548,39.11134232472162,357.99,50.6,3.58,Active,5
AG_200771,Kisumu,0.4872214848418743,34.019457248222515,217435.87,23612.1,2174.36,Active,3
AG_200772,Nyeri,-0.1638575569854932,39.23300545252108,34911.64,3659.42,349.12,Active,2
AG_200773,Nakuru,-0.1098750769420113,39.16208150320215,40225.24,7478.57,402.25,Active,6
AG_200774,Nairobi,-1.2745185010621616,36.7925112991592,284957.81,56949.28,2849.58,Active,9
AG_200775,Kiambu,-3.7646878944861264,36.49069362670191,77961.7,22705.32,779.62,Active,7
AG_200776,Nairobi,-1.2386264119205863,36.82825170102242,63964.57,7039.67,639.65,Active,4
AG_200777,Nairobi,-1.2279057278490495,36.82001238492673,27279.99,6709.15,272.8,Inactive,1
AG_200778,Nairobi,-1.3499646120127686,36.804123122764445,14428.95,3369.26,144.29,Active,0
AG_200779,Nairobi,-1.1876257849919514,36.82170835689024,72098.39,11138.95,720.98,Active,7
AG_200780,Kiambu,-3.2922173016408367,35.08156584909871,54959.81,11964.24,549.6,Active,6
AG_200781,Nairobi,-1.2978944287984937,36.813968746665466,145075.47,24531.82,1450.75,Active,8
AG_200782,Nairobi,-1.3482184149795022,36.840550329877615,72956.86,10872.34,729.57,Active,0
AG_200783,Kisumu,0.5311450082152638,36.36062759197653,168.71,30.67,1.69,Active,8
AG_200784,Nakuru,-1.8568602995056065,38.86574105562959,50412.51,5836.49,504.13,Active,9
AG_200785,Nairobi,-1.2895751192043017,36.7030054021053,119924.2,25664.67,1199.24,Active,3
AG_200786,Nairobi,-1.2854593842706084,36.84075121517993,60697.76,10648.29,606.98,Inactive,0
AG_200787,Machakos,-1.7173148410423067,35.43141368130557,30862.99,7424.0,308.63,Inactive,1
AG_200788,Nyeri,-3.828683151116005,38.39037596372401,69816.71,20059.0,698.17,Active,4
AG_200789,Machakos,-0.1832573997217828,34.1569794316398,24809.41,6005.26,248.09,Active,2
AG_200790,Machakos,-2.6704737139775774,36.67792766255364,47523.48,9321.52,475.23,Active,2
AG_200791,Kiambu,1.0960827148149186,36.3566330619041,444320.65,89799.17,4443.21,Active,0
AG_200792,Uasin Gishu,0.5182534540119808,37.402675677132656,90631.2,9198.81,906.31,Active,9
AG_200793,Uasin Gishu,-0.7735700526279954,37.03522822366424,17351.02,2067.94,173.51,Active,2
AG_200794,Machakos,-4.2329423562317245,39.56378336460341,289581.87,49670.35,2895.82,Active,0
AG_200795,Kilifi,-0.93289708527933,35.35718484925532,13412.84,3966.18,134.13,Inactive,6
AG_200796,Kilifi,0.6485204720673619,38.29708008323988,39503.24,6879.17,395.03,Active,7
AG_200797,Nakuru,-2.36896304145556,39.77947499208832,47064.27,8989.37,470.64,Active,5
AG_200798,Kisumu,-1.4806801176404183,34.87050106635378,5361.17,1185.6,53.61,Active,7
AG_200799,Kiambu,-0.5755577608509046,39.51761075269467,58567.16,16536.89,585.67,Active,5
AG_200800,Nairobi,-1.274377188472611,36.82572749318925,46896.0,7649.05,468.96,Active,9
AG_200801,Nairobi,-1.275556599460656,36.830400983056535,25054.36,4342.72,250.54,Inactive,9
AG_200802,Kiambu,-1.2447776085873783,35.67605227988972,92130.61,25792.55,921.31,Active,0
AG_200803,Nairobi,-1.205106067421832,36.7517938745964,5453.75,1133.8,54.54,Active,8
AG_200804,Nairobi,-1.2364338842296465,36.88573345736084,92753.47,16957.82,927.53,Active,8
AG_200805,Nairobi,-1.2545439576784527,36.76894753984449,12086.9,2948.61,120.87,Active,0
AG_200806,Kisumu,-3.2881675893911355,34.09575173104469,230303.61,32752.28,2303.04,Active,1
AG_200807,Nairobi,-1.3688509717223647,36.889173870008506,113488.52,14766.31,1134.89,Inactive,2
AG_200808,Nairobi,-1.2471541085224205,36.79180877901582,77015.94,21144.77,770.16,Inactive,0
AG_200809,Nairobi,-1.299116606609403,36.88957935239593,60367.48,10221.65,603.67,Active,9
AG_200810,Machakos,-0.6186467221875895,38.95467006779007,74449.99,21237.78,744.5,Active,3
AG_200811,Nairobi,-1.2736916331927792,36.90412225613517,33028.57,5283.88,330.29,Active,5
AG_200812,Kiambu,-1.7503298366690438,34.4055384977371,22678.88,4180.16,226.79,Active,0
AG_200813,Kiambu,-2.372623619398252,35.52592215704566,13848.6,2814.71,138.49,Active,5
AG_200814,Kiambu,-2.5514943033808035,34.94185624820461,162454.16,19546.23,1624.54,Active,9
AG_200815,Kiambu,0.0731568469487531,38.56787695265876,562.23,65.0,5.62,Active,9
AG_200816,Mombasa,-4.032410365928617,39.63921960568871,113304.16,31460.83,1133.04,Active,4
AG_200817,Nairobi,-1.246854250812936,36.85040255086744,15048.74,2105.31,150.49,Active,9
AG_200818,Machakos,0.2732855147888797,35.31019946012876,159677.33,46116.53,1596.77,Active,8
AG_200819,Nairobi,-1.2585777126093665,36.83026423481292,62597.99,12639.09,625.98,Active,2
AG_200820,Machakos,-3.433239772265237,35.38356162312736,20486.8,2283.47,204.87,Inactive,2
AG_200821,Nairobi,-1.3111738732893994,36.82755598761491,85113.01,15559.72,851.13,Active,2
AG_200822,Nairobi,-1.1768418811002783,36.7663270150104,262933.93,72018.13,2629.34,Active,3
AG_200823,Kilifi,-1.172836639381177,36.1564689868158,106161.96,12340.79,1061.62,Inactive,0
AG_200824,Nyeri,-2.8202045700266454,36.16206656292095,78554.16,22486.78,785.54,Active,8
AG_200825,Mombasa,-4.042168143188581,39.65944889892869,75073.18,17984.03,750.73,Active,5
AG_200826,Nakuru,-3.499859941428187,36.00720054572369,820.37,161.99,8.2,Active,1
AG_200827,Nairobi,-1.278833640246745,36.82796307191384,56240.28,10441.95,562.4,Active,9
AG_200828,Nairobi,-1.340391985243208,36.80480225893399,97113.56,15746.63,971.14,Active,4
AG_200829,Kajiado,-0.6399896500127322,39.634775732468285,3944.95,722.72,39.45,Active,8
AG_200830,Nairobi,-1.332248313244586,36.76171395476844,208961.27,42997.47,2089.61,Active,0
AG_200831,Nairobi,-1.293649941414524,36.81474504964858,40696.1,11832.72,406.96,Active,4
AG_200832,Nakuru,0.6720915279091317,36.38491062700671,148158.33,34474.29,1481.58,Active,8
AG_200833,Nairobi,-1.2368973826173422,36.915865968180135,24441.78,2524.01,244.42,Active,9
AG_200834,Mombasa,-4.059731161665778,39.68604303875435,154058.96,18975.09,1540.59,Active,4
AG_200835,Nairobi,-1.1955806051014264,36.79909858302776,365801.82,93970.54,3658.02,Active,2
AG_200836,Kiambu,1.6140562624935246,36.58043722091113,1069.38,152.89,10.69,Active,8
AG_200837,Machakos,0.760262340406211,36.12976526600364,124324.74,27796.46,1243.25,Active,4
AG_200838,Nairobi,-1.196886762364946,36.77736296956751,48797.41,10820.44,487.97,Active,6
AG_200839,Nairobi,-1.2345641756267611,36.84183976892438,21010.37,3842.64,210.1,Active,3
AG_200840,Nakuru,1.3356293229213592,35.20078860856275,24379.04,6649.15,243.79,Inactive,7
AG_200841,Nyeri,0.090115507272426,37.91571142929082,61110.24,15582.02,611.1,Active,2
AG_200842,Nairobi,-1.3095843493913932,36.83991907191435,342064.87,88399.25,3420.65,Active,6
AG_200843,Kiambu,-0.156128633158876,35.5070390188289,74006.45,9764.69,740.06,Inactive,1
AG_200844,Nairobi,-1.2706659926316757,36.78098711335498,1011.14,268.57,10.11,Active,6
AG_200845,Kilifi,-2.0799708590194648,35.797940769197965,192527.41,51776.94,1925.27,Inactive,3
AG_200846,Nairobi,-1.2612214125592711,36.88628239725932,162363.63,20882.9,1623.64,Active,6
AG_200847,Nairobi,-1.2606824610044296,36.826691536815055,90767.52,12045.88,907.68,Active,6
AG_200848,Kiambu,-1.7708423292452855,35.827283800328715,59815.17,10385.47,598.15,Active,5
AG_200849,Uasin Gishu,-0.4849888313761659,38.96742905017849,142762.76,22186.21,1427.63,Active,4
AG_200850,Nairobi,-1.341757141192048,36.83571305082494,86835.65,10310.85,868.36,Active,0
AG_200851,Nairobi,-1.304289719194317,36.85835094113364,421385.35,62245.29,4213.85,Active,6
AG_200852,Kiambu,-2.078093279120469,34.890187070817255,45128.46,7669.63,451.28,Inactive,9
AG_200853,Mombasa,-4.036991036727064,39.69177782679694,8313.18,2220.97,83.13,Active,5
AG_200854,Nairobi,-1.1852865397579655,36.82482763453018,202933.51,26311.71,2029.34,Active,0
AG_200855,Nairobi,-1.2402311519530544,36.82336114022568,150699.63,44559.87,1507.0,Inactive,7
AG_200856,Kiambu,-3.564609990491638,34.58582988884019,224296.6,62840.5,2242.97,Active,9
AG_200857,Nairobi,-1.2334061355811077,36.82009083955253,115202.61,24868.93,1152.03,Active,6
AG_200858,Nairobi,-1.2959789418978664,36.79065152299965,304305.34,85817.4,3043.05,Active,5
AG_200859,Nakuru,-3.1722927036741204,34.29972189124547,64095.12,7828.85,640.95,Active,4
AG_200860,Kilifi,-1.0744549711825673,34.34528990940108,2773.62,619.97,27.74,Active,9
AG_200861,Uasin Gishu,-3.137780241591176,38.118002504224194,260738.59,31782.77,2607.39,Active,5
AG_200862,Nyeri,0.8939897418270848,37.408897769732846,73453.87,17313.39,734.54,Active,8
AG_200863,Nairobi,-1.2945346449384938,36.80904135911723,43676.08,6183.24,436.76,Active,9
AG_200864,Kilifi,-0.4233073314658744,38.336685725959256,39262.5,4884.61,392.63,Active,7
AG_200865,Nairobi,-1.2674351200188296,36.81163241581552,117543.27,16940.37,1175.43,Active,1
AG_200866,Machakos,-0.1143503481508332,35.81312594819122,136630.94,36253.61,1366.31,Active,9
AG_200867,Nyeri,-0.8209025176408369,37.03290218866076,318916.41,70895.15,3189.16,Active,8
AG_200868,Mombasa,-4.047758107376988,39.620313510988815,372437.96,59956.53,3724.38,Active,7
AG_200869,Nairobi,-1.294203914154493,36.80726701885648,45974.11,10880.18,459.74,Active,6
AG_200870,Kiambu,-0.2007658703342014,39.75664862674828,19225.33,3724.06,192.25,Active,9
AG_200871,Kisumu,-2.727289548672922,38.47262080155592,16006.56,4230.08,160.07,Active,3
AG_200872,Machakos,0.3594403995156885,33.84673397970764,55682.83,9895.79,556.83,Inactive,7
AG_200873,Uasin Gishu,0.923341903002136,34.12261042327398,3399.75,947.64,34.0,Active,4
AG_200874,Nairobi,-1.3131366424972242,36.805155559772686,44808.94,9573.68,448.09,Active,0
AG_200875,Kisumu,-0.7731896228075172,36.35401902918645,51342.18,15360.23,513.42,Active,2
AG_200876,Mombasa,-4.005027173619579,39.66785594494021,102636.36,26662.62,1026.36,Active,2
AG_200877,Nyeri,-2.547150738577974,33.998446306729114,196151.57,33507.82,1961.52,Active,5
AG_200878,Kilifi,-0.1258071514626795,38.62056082552507,186696.91,21032.44,1866.97,Active,8
AG_200879,Kilifi,-0.7170669724761873,34.990376948952346,306777.55,42360.23,3067.78,Active,1
AG_200880,Kiambu,-0.52024018329093,37.88076553988139,8164.55,1335.93,81.65,Active,7
AG_200881,Kiambu,0.5592256017309813,36.90261686651861,22344.71,3023.16,223.45,Active,3
AG_200882,Nairobi,-1.2986894291536086,36.8350077179641,217626.31,63774.98,2176.26,Active,4
AG_200883,Nairobi,-1.2971339048546942,36.81151688561174,79781.05,8454.99,797.81,Active,5
AG_200884,Nakuru,-0.584331419065552,36.81573021176091,47808.61,11720.9,478.09,Active,9
AG_200885,Kisumu,-1.6081069647655182,37.13653879322589,27940.1,5985.15,279.4,Active,1
AG_200886,Uasin Gishu,-0.1151951552244952,35.8372435865023,41995.84,10485.2,419.96,Active,3
AG_200887,Nairobi,-1.273233605894265,36.754096826806446,227842.01,45088.7,2278.42,Active,4
AG_200888,Kiambu,0.9775107355404392,38.35849174335772,197731.17,28224.21,1977.31,Active,7
AG_200889,Nairobi,-1.2748782225664697,36.857972625504125,37670.23,8164.8,376.7,Active,3
AG_200890,Mombasa,-4.047614910484088,39.68050006743376,13963.66,1621.41,139.64,Active,8
AG_200891,Nairobi,-1.2781692927579404,36.79194964893696,23363.47,2409.5,233.63,Active,5
AG_200892,Kisumu,-2.958398109565704,37.91793519391827,328575.17,48968.84,3285.75,Active,9
AG_200893,Nakuru,-0.248512743290022,33.93496245316717,139360.35,40190.83,1393.6,Active,2
AG_200894,Kilifi,-2.610899516377641,36.57475754705702,62054.81,10325.49,620.55,Inactive,9
AG_200895,Uasin Gishu,-4.072586850918831,35.571998914406635,220127.7,54988.73,2201.28,Inactive,7
AG_200896,Machakos,0.9436384352694543,39.21376503999968,214545.82,42917.24,2145.46,Active,7
AG_200897,Nairobi,-1.2861851499973005,36.84696386166189,833.36,232.21,8.33,Active,1
AG_200898,Nyeri,1.3730647716403075,37.31737363807766,435488.19,56907.97,4354.88,Active,6
AG_200899,Uasin Gishu,1.1740556464846537,35.147440040778406,348553.89,80399.77,3485.54,Active,5
AG_200900,Nairobi,-1.362984417821316,36.85282209793516,185174.4,21638.73,1851.74,Active,0
AG_200901,Nakuru,-0.1842923737129165,34.06508477442758,31920.26,6107.66,319.2,Active,9
AG_200902,Nairobi,-1.3228381904607915,36.800303672489946,74535.47,20978.27,745.35,Active,3
AG_200903,Nairobi,-1.3522001623304836,36.737597723603415,54204.45,7252.31,542.04,Active,2
AG_200904,Kiambu,-2.190910034320824,36.09634440996724,77777.91,19859.81,777.78,Active,6
AG_200905,Nairobi,-1.3000912672625775,36.83791703221017,116806.24,21459.36,1168.06,Active,3
AG_200906,Nakuru,0.8022247714581889,38.777662769196645,82920.32,14252.23,829.2,Active,2
AG_200907,Nairobi,-1.2374501334844084,36.84072066371188,32528.85,6020.46,325.29,Active,2
AG_200908,Nairobi,-1.2623483941905995,36.89938436055018,77906.43,7876.98,779.06,Active,7
AG_200909,Nakuru,1.026061620762204,35.98571667796704,28405.24,3358.14,284.05,Active,4
AG_200910,Kilifi,0.4486614494975189,39.633287998118256,150552.65,21444.47,1505.53,Active,0
AG_200911,Nyeri,-1.3137607837657777,37.863127325362186,65100.9,9376.81,651.01,Active,2
AG_200912,Nairobi,-1.2986106564765862,36.8320532058527,290380.6,36654.18,2903.81,Active,7
AG_200913,Kisumu,1.7053202810044843,36.132749863934805,126767.74,33089.2,1267.68,Active,8
AG_200914,Nairobi,-1.206434988131916,36.81104430178953,10880.36,2129.95,108.8,Active,4
AG_200915,Mombasa,-4.037457792953359,39.619792125286416,48312.14,6417.01,483.12,Active,4
AG_200916,Nairobi,-1.254683007808743,36.815964346763984,92370.4,18317.26,923.7,Inactive,1
AG_200917,Nairobi,-1.2516950546592422,36.77517007313624,22146.12,5155.87,221.46,Active,9
AG_200918,Kajiado,-2.4912409343082524,36.66913691887144,114845.48,31193.3,1148.45,Active,1
AG_200919,Nairobi,-1.3069009573852632,36.83765995742796,382931.12,77624.21,3829.31,Active,8
AG_200920,Mombasa,-4.037454057247844,39.63171118905626,49395.52,6237.22,493.96,Active,9
AG_200921,Kisumu,-0.8692513231285404,35.892935261370845,74661.74,14418.49,746.62,Active,7
AG_200922,Kiambu,-2.9140354805111404,34.792024075903754,122521.02,32127.65,1225.21,Active,1
AG_200923,Kiambu,-3.3336251648421085,34.35123812999693,77731.14,9633.67,777.31,Active,5
AG_200924,Nairobi,-1.3585426233203648,36.73085636653199,125049.13,12634.74,1250.49,Inactive,2
AG_200925,Nairobi,-1.314976984614865,36.87567102815098,414986.27,96590.45,4149.86,Active,4
AG_200926,Nairobi,-1.2710811818827368,36.77861210705806,48585.61,10280.73,485.86,Active,4
AG_200927,Mombasa,-4.045932970718659,39.60741568805452,160674.21,41667.26,1606.74,Active,5
AG_200928,Kisumu,-1.3732011830066202,36.75046320857061,228848.34,63185.04,2288.48,Inactive,4
AG_200929,Kajiado,0.4160044232801116,34.258273472991576,160793.38,44071.8,1607.93,Active,3
AG_200930,Nairobi,-1.23254069397609,36.80003659387266,69642.45,7810.09,696.42,Active,6
AG_200931,Nakuru,-0.4433986769144871,35.82858447310295,84365.19,15835.33,843.65,Active,4
AG_200932,Kiambu,-1.3799266106500971,37.636541345022295,17767.77,3446.49,177.68,Active,6
AG_200933,Nairobi,-1.3284868709204465,36.8154265944832,103624.13,27871.99,1036.24,Active,2
AG_200934,Nyeri,-3.3612902378493565,36.68944150449204,101017.6,12520.65,1010.18,Active,6
AG_200935,Kisumu,-3.953141841504687,38.60838904683887,24533.33,6822.29,245.33,Inactive,7
AG_200936,Uasin Gishu,0.4585019000208945,39.49744002900908,188316.93,19318.07,1883.17,Active,2
AG_200937,Kisumu,-3.961798739714304,35.742816092532244,196570.71,41068.19,1965.71,Active,1
AG_200938,Nairobi,-1.309174678538814,36.77933310937165,123550.53,14107.23,1235.51,Active,8
AG_200939,Nairobi,-1.3337635080609622,36.7676141424663,64635.39,16821.18,646.35,Active,8
AG_200940,Uasin Gishu,-1.8074447556864628,33.85057071226055,125228.53,19703.97,1252.29,Active,3
AG_200941,Mombasa,-4.050021141709901,39.682582817645056,97782.3,12120.81,977.82,Active,5
AG_200942,Machakos,-1.6958259893179324,36.59972997634189,248701.6,32522.16,2487.02,Active,8
AG_200943,Kisumu,-1.1217239233308491,35.618753352977855,64883.35,19064.6,648.83,Active,3
AG_200944,Uasin Gishu,-1.7840290018939136,35.08961656200741,205621.59,27343.66,2056.22,Active,0
AG_200945,Nairobi,-1.2460753513170222,36.89546588912736,192027.67,35313.41,1920.28,Active,3
AG_200946,Nairobi,-1.1451954623990606,36.87822850236768,130949.61,37791.08,1309.5,Active,8
AG_200947,Nairobi,-1.2708702168929007,36.87587791843182,6003.21,1330.06,60.03,Inactive,0
AG_200948,Machakos,-0.4256265581360099,38.41337192346239,100450.64,14483.38,1004.51,Active,5
AG_200949,Nairobi,-1.266172005515393,36.855135362100526,149408.67,17665.77,1494.09,Active,1
AG_200950,Kisumu,-2.8475420575662964,38.09375663535317,130414.8,27135.66,1304.15,Active,0
AG_200951,Mombasa,-4.0271120751889855,39.71308511740049,71627.92,10384.45,716.28,Active,5
AG_200952,Mombasa,-4.023323065440327,39.65889333862704,389.24,59.58,3.89,Active,3
AG_200953,Nairobi,-1.243645126538471,36.79898209679792,44402.79,9591.55,444.03,Inactive,4
AG_200954,Kajiado,-1.1669989231281117,37.90105119239864,70482.13,7465.24,704.82,Active,9
AG_200955,Nairobi,-1.316462792024841,36.76646910483973,50309.91,15072.68,503.1,Inactive,8
AG_200956,Kajiado,0.764240635735079,33.926145883930126,103206.69,29275.07,1032.07,Active,6
AG_200957,Kilifi,-3.217728966394592,38.756617804192366,88046.88,12930.88,880.47,Active,0
AG_200958,Nakuru,0.6239874213687779,38.84463308368007,190862.89,50732.7,1908.63,Active,0
AG_200959,Kilifi,1.1229018109299749,39.1752589957689,288619.57,33841.63,2886.2,Active,0
AG_200960,Nakuru,-3.1198573030657384,37.1542795696716,49922.32,13477.39,499.22,Active,1
AG_200961,Kajiado,0.2494108408551867,35.40577651918609,103990.42,20697.49,1039.9,Active,5
AG_200962,Machakos,-1.4565209079361787,33.89241264260538,151424.85,35704.9,1514.25,Active,1
AG_200963,Nyeri,-1.6294400713616308,33.87619977128363,69293.72,12167.54,692.94,Active,8
AG_200964,Nairobi,-1.3410829892852063,36.832813610396286,155173.11,33234.29,1551.73,Inactive,9
AG_200965,Nakuru,-0.7886374391784352,34.48322219239713,100005.35,27515.73,1000.05,Active,4
AG_200966,Nairobi,-1.2166595269360387,36.86158267785659,147631.11,17594.87,1476.31,Active,2
AG_200967,Kajiado,-0.6295476366018049,35.74163927955702,96108.14,26788.69,961.08,Active,2
AG_200968,Nairobi,-1.331995493002191,36.7738425030881,240333.17,55617.44,2403.33,Active,9
AG_200969,Nairobi,-1.2545007100776986,36.804551005378585,67334.67,6767.19,673.35,Active,3
AG_200970,Nairobi,-1.2698706763976475,36.83632647591902,274877.66,45186.1,2748.78,Inactive,8
AG_200971,Kiambu,1.229887817673201,37.64131344876672,26784.69,3762.33,267.85,Active,3
AG_200972,Nairobi,-1.3584133377441936,36.835890409903584,15938.91,4528.29,159.39,Active,0
AG_200973,Nairobi,-1.2694982778739856,36.82130276850104,7598.56,1524.15,75.99,Active,9
AG_200974,Kiambu,1.3249859938227602,38.48396953523342,23539.34,7031.71,235.39,Inactive,2
AG_200975,Nairobi,-1.2897989385753998,36.83987601159527,253008.01,42907.14,2530.08,Active,1
AG_200976,Nairobi,-1.2139175853524873,36.75816673791996,321378.75,67455.2,3213.79,Active,6
AG_200977,Kisumu,0.4673341554655226,38.68723301230564,11975.47,1976.83,119.75,Active,1
AG_200978,Kiambu,-1.1962307741580738,34.832790531393144,420417.72,106709.03,4204.18,Active,3
AG_200979,Kisumu,0.170391644120728,39.06050617533933,226033.95,64267.55,2260.34,Inactive,6
AG_200980,Mombasa,-4.038101207446847,39.70692986403808,4384.8,1164.92,43.85,Active,2
AG_200981,Kisumu,-2.672374079876149,39.21643000451891,31724.98,6258.6,317.25,Active,7
AG_200982,Kajiado,-0.0632725205937452,39.65548950528868,23736.8,4454.77,237.37,Active,4
AG_200983,Mombasa,-4.037997283476218,39.66182249824048,346171.75,87812.67,3461.72,Active,5
AG_200984,Kajiado,-2.263123124063503,38.27600554215947,98159.04,11773.62,981.59,Active,6
AG_200985,Kajiado,-2.159067087389225,39.07122852266725,295564.02,36879.81,2955.64,Active,3
AG_200986,Nairobi,-1.2651796318039217,36.83593001330812,53007.42,6256.64,530.07,Active,1
AG_200987,Kisumu,-0.7120323057279616,37.57925188160872,86799.03,13269.3,867.99,Active,8
AG_200988,Uasin Gishu,-3.08514954801345,39.078915331522246,304226.5,60946.64,3042.26,Active,6
AG_200989,Nairobi,-1.3311780436166971,36.766557441706325,5428.64,788.86,54.29,Active,9
AG_200990,Machakos,-3.852203564798896,37.7480107528714,36474.0,4645.46,364.74,Active,3
AG_200991,Nairobi,-1.2617096214796937,36.77830691739752,22887.25,5989.23,228.87,Active,8
AG_200992,Kiambu,-2.8780060002234302,38.94750636570458,111299.79,25838.6,1113.0,Inactive,1
AG_200993,Nairobi,-1.3151592952594893,36.80260901365252,57637.98,16582.69,576.38,Active,3
AG_200994,Kiambu,-0.1346384968270431,38.52704718634509,94555.7,20436.1,945.56,Active,2
AG_200995,Kiambu,-0.9216064358007114,35.40732525802482,21142.13,4297.91,211.42,Active,7
AG_200996,Nairobi,-1.314759438914421,36.80522945261646,35839.52,10118.86,358.4,Active,1
AG_200997,Nairobi,-1.221503200288819,36.78955871410204,74913.3,15548.93,749.13,Active,3
AG_200998,Kiambu,0.6624859050898213,38.28431338896523,73179.31,11887.56,731.79,Active,1
AG_200999,Nairobi,-1.2039287476816776,36.83012499470375,71027.85,17272.69,710.28,Active,0
